Codice,Comune,viaggiatore,contatto_non_stretto,contatto_stretto_con_caso_sospetto,contatto stretto_concasocderto?,caso_sospetto,caso_positivo,ospite_CDS_CDR,ricoverato,caso pos per indagine epidemiologica,totale,totale casi pos successivo_a_caso_data,totale casi pos_Caso_data,Differenza,data,popolazione al 31Dec2019
23001,Affi,-,-,-,-,-,1,-,-,3,4,4,3,1,3-Nov,
23002,Albaredo D'Adige,2,-,-,5,-,6,1,-,8,22,15,15,0,3-Nov,
23003,Angiari,1,-,-,18,-,3,-,1,7,30,11,11,0,3-Nov,
23004,Arcole,-,-,-,12,-,25,-,2,22,61,49,51,-2,3-Nov,
23005,Badia Calavena,-,-,-,-,-,3,-,-,3,6,6,6,0,3-Nov,
23006,Bardolino,-,-,1,6,1,8,2,-,9,27,19,20,-1,3-Nov,
23007,Belfiore,2,-,-,6,-,10,-,-,3,21,13,13,0,3-Nov,
23008,Bevilacqua,-,-,-,1,-,1,-,-,3,5,4,3,1,3-Nov,
23009,Bonavigo,1,-,-,5,-,10,-,1,1,18,12,10,2,3-Nov,
23010,Boschi Sant'Anna,-,-,-,1,-,2,-,-,5,8,7,4,3,3-Nov,
23011,Bosco Chiesanuova,1,-,-,2,-,4,-,-,2,9,6,7,-1,3-Nov,
23012,Bovolone,2,-,-,42,-,71,1,2,23,141,97,87,10,3-Nov,
23013,Brentino Belluno,-,-,-,-,-,-,-,-,-,-,-,-,0,3-Nov,
23014,Brenzone,2,-,-,-,-,-,-,-,1,3,1,-,1,3-Nov,
23015,Bussolengo,3,-,3,26,1,29,1,4,54,121,88,82,6,3-Nov,
23016,Buttapietra,5,-,-,8,-,19,-,-,9,41,28,28,0,3-Nov,
23017,Caldiero,-,-,-,10,-,28,-,3,29,70,60,54,6,3-Nov,
23018,Caprino Veronese,2,-,-,1,-,1,-,-,12,16,13,11,2,3-Nov,
23019,Casaleone,-,-,-,7,1,7,-,2,4,21,13,12,1,3-Nov,
23020,Castagnaro,-,-,-,11,-,9,-,-,7,27,16,15,1,3-Nov,
23021,Castel D'Azzano,3,-,1,37,-,49,-,4,32,126,85,67,18,3-Nov,
23022,Castelnuovo Del Garda,-,-,-,14,-,6,-,3,23,46,32,30,2,3-Nov,
23023,Cavaion Veronese,-,-,-,2,-,9,-,3,12,26,24,23,1,3-Nov,
23024,Cazzano Di Tramigna,-,-,-,1,-,5,-,-,7,13,12,12,0,3-Nov,
23025,Cerea,2,-,-,18,-,22,-,3,16,61,41,40,1,3-Nov,
23026,Cerro Veronese,1,-,-,-,-,1,-,2,2,6,5,4,1,3-Nov,
23027,Cologna Veneta,2,-,-,9,1,27,-,1,12,52,40,34,6,3-Nov,
23028,Colognola Ai Colli,4,-,1,18,2,14,2,-,8,49,24,23,1,3-Nov,
23029,Concamarise,-,-,-,-,-,1,-,-,-,1,1,1,0,3-Nov,
23030,Costermano,-,-,-,2,-,7,-,-,8,17,15,14,1,3-Nov,
23031,Dolce',1,-,-,-,-,1,-,-,2,4,3,2,1,3-Nov,
23032,Erbe',-,-,-,5,-,2,-,1,7,15,10,5,5,3-Nov,
23033,Erbezzo,-,-,-,-,-,-,-,-,6,6,6,6,0,3-Nov,
23034,Ferrara di Montebaldo,-,-,-,-,-,-,-,-,-,-,-,-,0,3-Nov,
23035,Fumane,-,-,-,2,-,2,-,-,7,11,9,7,2,3-Nov,
23036,Garda,2,-,-,2,-,3,-,1,2,10,6,6,0,3-Nov,
23037,Gazzo Veronese,1,-,-,10,-,10,-,1,6,28,17,17,0,3-Nov,
23038,Grezzana,1,-,-,13,-,13,-,3,11,41,27,30,-3,3-Nov,
23039,Illasi,-,-,-,8,-,11,-,2,10,31,23,22,1,3-Nov,
23040,Isola Della Scala,1,1,-,12,-,5,-,3,30,52,38,34,4,3-Nov,
23041,Isola Rizza,2,-,-,4,1,8,-,1,12,28,21,15,6,3-Nov,
23042,Lavagno,1,-,-,5,-,9,-,4,18,37,31,35,-4,3-Nov,
23043,Lazise,3,-,-,3,-,7,-,1,8,22,16,17,-1,3-Nov,
23044,Legnago,4,-,-,31,-,35,-,1,24,95,60,50,10,3-Nov,
23045,Malcesine,5,-,-,-,-,-,-,-,1,6,1,1,0,3-Nov,
23046,Marano Di Valpolicella,-,-,-,4,-,2,-,-,4,10,6,6,0,3-Nov,
23047,Mezzane Di Sotto,-,-,1,3,-,12,1,1,5,23,19,19,0,3-Nov,
23048,Minerbe,-,-,-,26,-,14,-,2,8,50,24,21,3,3-Nov,
23049,Montecchia Di Crosara,-,-,-,-,-,1,-,-,5,6,6,6,0,3-Nov,
23050,Monteforte D'Alpone,2,-,-,13,-,28,25,4,26,98,83,79,4,3-Nov,
23051,Mozzecane,-,-,3,12,-,9,-,2,22,48,33,31,2,3-Nov,
23052,Negrar,4,-,-,12,-,16,5,2,48,87,71,58,13,3-Nov,
23053,Nogara,1,-,-,16,-,21,-,1,9,48,31,25,6,3-Nov,
23054,Nogarole Rocca,-,-,-,9,-,6,1,5,11,32,23,16,7,3-Nov,
23055,Oppeano,2,-,-,21,-,31,4,1,8,67,44,53,-9,3-Nov,
23056,Palu',1,-,-,-,-,-,-,1,-,2,1,1,0,3-Nov,
23057,Pastrengo,-,-,-,1,-,5,-,-,2,8,7,7,0,3-Nov,
23058,Pescantina,1,-,-,24,-,20,-,2,22,69,44,37,7,3-Nov,
23059,Peschiera Del Garda,2,-,-,-,-,6,-,4,12,24,22,20,2,3-Nov,
23060,Povegliano Veronese,2,-,-,2,-,13,-,1,13,31,27,22,5,3-Nov,
23061,Pressana,-,-,-,2,-,2,-,2,5,11,9,7,2,3-Nov,
23062,Rivoli Veronese,-,-,-,1,-,2,-,-,1,4,3,3,0,3-Nov,
23063,Ronca',1,-,-,2,-,5,-,-,14,22,19,18,1,3-Nov,
23064,Ronco All'Adige,1,-,-,14,-,18,-,2,7,42,27,25,2,3-Nov,
23065,Roverchiara,1,-,-,15,-,13,-,4,7,40,24,24,0,3-Nov,
23066,Roveredo Di Gua',-,-,-,-,-,3,-,-,1,4,4,2,2,3-Nov,
23067,Rovere' Veronese,-,-,-,3,-,2,-,-,2,7,4,3,1,3-Nov,
23068,Salizzole,-,-,-,7,1,11,-,4,6,29,21,17,4,3-Nov,
23069,San Bonifacio,1,-,-,37,1,41,-,5,58,143,104,89,15,3-Nov,
23070,San Giovanni Ilarione,1,-,-,1,-,15,-,-,8,25,23,17,6,3-Nov,
23071,San Giovanni Lupatoto,-,-,-,31,-,84,-,3,35,153,122,104,18,3-Nov,
23072,Sanguinetto,-,-,-,-,-,-,-,2,1,3,3,2,1,3-Nov,
23073,San Martino Buon Albergo,4,-,-,22,-,34,-,1,21,82,56,40,16,3-Nov,
23074,San Mauro Di Saline,1,-,-,-,-,-,-,-,-,1,-,-,0,3-Nov,
23075,San Pietro Di Morubio,-,-,-,10,-,12,-,1,7,30,20,18,2,3-Nov,
23076,San Pietro In Cariano,1,-,-,11,1,5,-,4,22,44,31,26,5,3-Nov,
23077,Sant'Ambrogio Di Valpolicella,-,-,-,5,1,15,-,5,28,54,48,41,7,3-Nov,
23078,Sant'Anna D'Alfaedo,-,-,-,-,-,2,-,3,1,6,6,6,0,3-Nov,
23079,San Zeno Di Montagna,-,-,-,-,-,-,-,-,4,4,4,3,1,3-Nov,
23080,Selva Di Progno,-,-,-,-,-,-,-,-,3,3,3,2,1,3-Nov,
23081,Soave,1,-,-,14,-,21,-,-,13,49,34,31,3,3-Nov,
23082,Sommacampagna,1,-,-,13,1,39,-,10,56,120,105,102,3,3-Nov,
23083,Sona,2,-,1,10,1,20,-,10,64,108,94,81,13,3-Nov,
23084,Sorga',-,-,3,4,-,11,-,-,4,22,15,14,1,3-Nov,
23085,Terrazzo,-,-,-,17,-,13,-,1,7,38,21,16,5,3-Nov,
23086,Torri Del Benaco,-,-,-,1,-,1,-,-,5,7,6,5,1,3-Nov,
23087,Tregnago,1,-,-,7,-,23,-,1,15,47,39,32,7,3-Nov,
23088,Trevenzuolo,1,-,-,24,-,1,-,3,8,37,12,13,-1,3-Nov,
23089,Valeggio Sul Mincio,2,-,-,13,-,17,-,-,32,64,49,49,0,3-Nov,
23090,Velo Veronese,-,-,-,1,-,-,-,-,-,1,-,-,0,3-Nov,
23091,Verona,44,1,8,453,10,472,41,68,463,156,1044,885,159,3-Nov,
23092,Veronella,-,-,-,11,-,18,-,1,14,44,33,30,3,3-Nov,
23093,Vestenanova,1,-,-,-,-,6,-,-,5,12,11,11,0,3-Nov,
23094,Vigasio,-,-,2,11,-,23,-,2,21,59,46,47,-1,3-Nov,
23095,Villa Bartolomea,-,-,-,8,1,3,-,-,-,12,3,3,0,3-Nov,
23096,Villafranca Di Verona,6,-,7,36,1,75,-,17,105,247,197,183,14,3-Nov,
23097,Zevio,4,-,-,27,-,54,1,1,17,104,73,66,7,3-Nov,
23098,Zimella,1,-,-,11,-,11,-,-,15,38,26,24,2,3-Nov,
23001,Affi,-,,-,1,-,2,-,-,6,9,8,8,0,7-Nov-20,
23002,Albaredo D'Adige,2,,1,10,1,9,-,-,10,33,19,20,-1,7-Nov-20,
23003,Angiari,-,,-,11,-,14,-,5,9,39,28,25,3,7-Nov-20,
23004,Arcole,-,,-,13,1,36,-,2,35,87,73,73,0,7-Nov-20,
23005,Badia Calavena,-,,-,4,-,1,-,1,20,26,22,9,13,7-Nov-20,
23006,Bardolino,-,,-,4,-,4,4,-,11,23,19,21,-2,7-Nov-20,
23007,Belfiore,-,,-,8,-,8,-,-,9,25,17,18,-1,7-Nov-20,
23008,Bevilacqua,-,,1,2,-,2,-,-,7,12,9,7,2,7-Nov-20,
23009,Bonavigo,1,,-,2,-,11,-,2,5,21,18,18,0,7-Nov-20,
23010,Boschi Sant'Anna,-,,-,5,-,5,-,-,3,13,8,7,1,7-Nov-20,
23011,Bosco Chiesanuova,-,,-,4,-,5,-,-,9,18,14,14,0,7-Nov-20,
23012,Bovolone,2,,1,39,1,82,2,4,55,186,143,131,12,7-Nov-20,
23013,Brentino Belluno,-,,-,1,-,-,-,-,-,1,-,-,0,7-Nov-20,
23014,Brenzone,-,,-,-,-,-,-,-,8,8,8,6,2,7-Nov-20,
23015,Bussolengo,2,,-,16,-,34,2,12,106,172,154,150,4,7-Nov-20,
23016,Buttapietra,4,,-,14,-,26,-,1,24,69,51,48,3,7-Nov-20,
23017,Caldiero,-,,-,15,1,36,-,2,32,86,70,70,0,7-Nov-20,
23018,Caprino Veronese,-,,-,-,-,7,4,-,28,39,39,34,5,7-Nov-20,
23019,Casaleone,-,,-,2,1,5,-,3,10,21,18,13,5,7-Nov-20,
23020,Castagnaro,-,,1,5,2,14,-,-,7,29,21,20,1,7-Nov-20,
23021,Castel D'Azzano,2,,1,22,1,30,7,9,77,149,123,130,-7,7-Nov-20,
23022,Castelnuovo Del Garda,-,,-,6,-,10,-,3,58,77,71,68,3,7-Nov-20,
23023,Cavaion Veronese,-,,-,-,-,3,1,1,22,27,27,28,-1,7-Nov-20,
23024,Cazzano Di Tramigna,-,,-,-,-,4,-,-,8,12,12,16,-4,7-Nov-20,
23025,Cerea,1,,-,16,-,26,20,3,22,88,71,65,6,7-Nov-20,
23026,Cerro Veronese,1,,-,3,-,1,-,2,6,13,9,9,0,7-Nov-20,
23027,Cologna Veneta,1,,-,9,1,16,-,2,22,51,40,38,2,7-Nov-20,
23028,Colognola Ai Colli,3,,1,9,-,9,14,-,21,57,44,46,-2,7-Nov-20,
23029,Concamarise,-,,-,-,-,1,-,-,2,3,3,1,2,7-Nov-20,
23030,Costermano,-,,-,-,-,3,-,1,13,17,17,19,-2,7-Nov-20,
23031,Dolce',1,,-,-,-,1,-,-,8,10,9,9,0,7-Nov-20,
23032,Erbe',-,,-,2,-,3,-,1,11,17,15,15,0,7-Nov-20,
23033,Erbezzo,-,,-,-,-,-,-,-,8,8,8,7,1,7-Nov-20,
23034,Ferrara di Montebaldo,-,,-,-,-,-,-,-,-,-,-,-,0,7-Nov-20,
23035,Fumane,-,,-,1,-,-,-,-,12,13,12,12,0,7-Nov-20,
23036,Garda,2,,-,2,-,-,-,-,14,18,14,14,0,7-Nov-20,
23037,Gazzo Veronese,1,,-,11,-,9,1,3,7,32,20,18,2,7-Nov-20,
23038,Grezzana,-,,-,16,-,13,-,3,21,53,37,34,3,7-Nov-20,
23039,Illasi,-,,-,3,-,5,-,2,20,30,27,27,0,7-Nov-20,
23040,Isola Della Scala,-,,-,15,2,5,1,6,79,108,91,77,14,7-Nov-20,
23041,Isola Rizza,2,,-,8,-,11,-,2,21,44,34,28,6,7-Nov-20,
23042,Lavagno,1,,-,3,-,11,-,4,25,44,40,40,0,7-Nov-20,
23043,Lazise,3,,-,4,-,8,4,-,22,41,34,34,0,7-Nov-20,
23044,Legnago,3,,-,32,-,34,2,5,51,127,92,80,12,7-Nov-20,
23045,Malcesine,2,,-,4,-,2,-,-,8,16,10,10,0,7-Nov-20,
23046,Marano Di Valpolicella,-,,-,-,-,1,-,-,14,15,15,15,0,7-Nov-20,
23047,Mezzane Di Sotto,-,,-,5,2,10,1,3,6,27,20,21,-1,7-Nov-20,
23048,Minerbe,-,,-,20,-,18,1,1,20,60,40,37,3,7-Nov-20,
23049,Montecchia Di Crosara,-,,-,1,-,4,-,-,8,13,12,12,0,7-Nov-20,
23050,Monteforte D'Alpone,-,,-,18,-,33,27,3,41,122,104,96,8,7-Nov-20,
23051,Mozzecane,-,,3,8,-,13,-,6,48,78,67,65,2,7-Nov-20,
23052,Negrar,3,,-,4,-,9,4,1,92,113,106,104,2,7-Nov-20,
23053,Nogara,-,,1,13,2,25,14,2,22,79,63,52,11,7-Nov-20,
23054,Nogarole Rocca,-,,-,3,-,4,4,3,27,41,38,38,0,7-Nov-20,
23055,Oppeano,2,,-,18,-,33,10,3,31,97,77,71,6,7-Nov-20,
23056,Palu',1,,-,-,-,-,-,1,1,3,2,2,0,7-Nov-20,
23057,Pastrengo,-,,-,-,-,3,20,-,13,36,36,34,2,7-Nov-20,
23058,Pescantina,2,,-,12,-,14,4,1,59,92,78,77,1,7-Nov-20,
23059,Peschiera Del Garda,2,,-,-,-,4,-,4,38,48,46,45,1,7-Nov-20,
23060,Povegliano Veronese,2,,-,3,-,7,-,2,32,46,41,40,1,7-Nov-20,
23061,Pressana,-,,-,3,-,7,-,2,4,16,13,12,1,7-Nov-20,
23062,Rivoli Veronese,-,,-,-,-,-,-,-,7,7,7,7,0,7-Nov-20,
23063,Ronca',2,,-,7,-,5,-,1,20,35,26,24,2,7-Nov-20,
23064,Ronco All'Adige,-,,-,14,-,20,-,1,7,42,28,23,5,7-Nov-20,
23065,Roverchiara,1,,-,8,-,15,-,4,9,37,28,24,4,7-Nov-20,
23066,Roveredo Di Gua',-,,-,-,-,3,-,-,4,7,7,6,1,7-Nov-20,
23067,Rovere' Veronese,-,,-,1,-,3,-,-,1,5,4,4,0,7-Nov-20,
23068,Salizzole,-,,-,5,1,9,-,4,11,30,24,23,1,7-Nov-20,
23069,San Bonifacio,1,,-,56,-,61,-,4,82,204,147,146,1,7-Nov-20,
23070,San Giovanni Ilarione,1,,-,6,-,16,-,-,20,43,36,38,-2,7-Nov-20,
23071,San Giovanni Lupatoto,-,,-,37,-,60,1,3,83,184,147,142,5,7-Nov-20,
23072,Sanguinetto,-,,-,3,-,1,-,2,10,16,13,12,1,7-Nov-20,
23073,San Martino Buon Albergo,3,,-,18,2,27,11,2,50,113,90,86,4,7-Nov-20,
23074,San Mauro Di Saline,-,,-,-,-,-,-,-,-,-,-,-,0,7-Nov-20,
23075,San Pietro Di Morubio,-,,-,7,-,6,-,1,9,23,16,13,3,7-Nov-20,
23076,San Pietro In Cariano,-,,-,4,-,7,-,7,64,82,78,74,4,7-Nov-20,
23077,Sant'Ambrogio Di Valpolicella,-,,-,2,-,10,-,3,68,83,81,85,-4,7-Nov-20,
23078,Sant'Anna D'Alfaedo,-,,-,-,-,2,-,3,3,8,8,8,0,7-Nov-20,
23079,San Zeno Di Montagna,-,,-,-,-,-,-,-,4,4,4,4,0,7-Nov-20,
23080,Selva Di Progno,-,,-,7,-,-,-,-,5,12,5,5,0,7-Nov-20,
23081,Soave,1,,-,6,-,14,-,2,35,58,51,45,6,7-Nov-20,
23082,Sommacampagna,1,,-,12,-,33,1,11,124,182,169,162,7,7-Nov-20,
23083,Sona,1,,1,13,-,24,4,8,106,157,142,146,-4,7-Nov-20,
23084,Sorga',-,,-,-,-,11,-,-,7,18,18,17,1,7-Nov-20,
23085,Terrazzo,-,,-,8,-,19,-,2,9,38,30,27,3,7-Nov-20,
23086,Torri Del Benaco,-,,-,1,-,-,-,-,8,9,8,6,2,7-Nov-20,
23087,Tregnago,-,,-,4,-,14,-,2,32,52,48,45,3,7-Nov-20,
23088,Trevenzuolo,-,,-,26,-,2,-,3,18,49,23,21,2,7-Nov-20,
23089,Valeggio Sul Mincio,2,,-,14,-,19,-,1,74,110,94,91,3,7-Nov-20,
23090,Velo Veronese,-,,-,3,-,2,-,-,6,11,8,6,2,7-Nov-20,
23091,Verona,29,,8,379,8,516,41,72,867,192,1496,1467,29,7-Nov-20,
23092,Veronella,-,,-,9,-,21,1,-,26,57,48,48,0,7-Nov-20,
23093,Vestenanova,1,,-,-,-,5,-,-,9,15,14,14,0,7-Nov-20,
23094,Vigasio,-,,-,3,-,13,-,2,42,60,57,59,-2,7-Nov-20,
23095,Villa Bartolomea,-,,-,13,-,7,-,1,4,25,12,9,3,7-Nov-20,
23096,Villafranca Di Verona,4,,3,30,1,65,1,17,217,338,300,297,3,7-Nov-20,
23097,Zevio,4,,-,25,-,52,1,2,43,127,98,88,10,7-Nov-20,
23098,Zimella,1,,-,6,-,7,-,1,21,36,29,26,3,7-Nov-20,
23001,Affi,-,,-,-,-,-,1,2,13,16,16,13,3,13-Nov-20,
23002,Albaredo D'Adige,-,,-,12,-,10,1,2,26,51,39,38,1,13-Nov-20,
23003,Angiari,-,,2,9,-,16,-,7,5,39,28,27,1,13-Nov-20,
23004,Arcole,-,,-,14,1,41,1,1,23,81,66,69,-3,13-Nov-20,
23005,Badia Calavena,-,,-,2,-,11,-,1,20,34,32,34,-2,13-Nov-20,
23006,Bardolino,-,,-,-,-,2,5,1,32,40,40,36,4,13-Nov-20,
23007,Belfiore,-,,-,4,-,5,-,2,11,22,18,23,-5,13-Nov-20,
23008,Bevilacqua,-,,-,16,-,7,-,2,19,44,28,20,8,13-Nov-20,
23009,Bonavigo,-,,-,2,-,8,-,1,7,18,16,19,-3,13-Nov-20,
23010,Boschi Sant'Anna,-,,-,-,-,5,-,1,6,12,12,12,0,13-Nov-20,
23011,Bosco Chiesanuova,-,,-,-,-,2,1,-,11,14,14,13,1,13-Nov-20,
23012,Bovolone,-,,3,60,1,108,5,4,70,251,187,173,14,13-Nov-20,
23013,Brentino Belluno,-,,-,-,-,-,1,-,1,2,2,3,-1,13-Nov-20,
23014,Brenzone,-,,-,-,-,-,-,-,16,16,16,11,5,13-Nov-20,
23015,Bussolengo,-,,-,15,-,31,5,11,142,204,189,175,14,13-Nov-20,
23016,Buttapietra,-,,-,33,-,27,-,5,38,103,70,64,6,13-Nov-20,
23017,Caldiero,-,,1,21,-,40,1,-,18,81,59,72,-13,13-Nov-20,
23018,Caprino Veronese,-,,-,1,-,6,2,2,48,59,58,44,14,13-Nov-20,
23019,Casaleone,-,,-,10,-,11,-,5,15,41,31,29,2,13-Nov-20,
23020,Castagnaro,-,,-,6,-,17,-,2,7,32,26,21,5,13-Nov-20,
23021,Castel D'Azzano,-,,1,40,-,56,29,14,69,209,168,175,-7,13-Nov-20,
23022,Castelnuovo Del Garda,-,,-,7,-,14,-,7,113,141,134,121,13,13-Nov-20,
23023,Cavaion Veronese,-,,-,1,-,4,2,2,39,48,47,44,3,13-Nov-20,
23024,Cazzano Di Tramigna,-,,-,3,-,9,-,-,11,23,20,19,1,13-Nov-20,
23025,Cerea,-,,-,42,-,32,31,5,37,147,105,96,9,13-Nov-20,
23026,Cerro Veronese,-,,-,4,-,4,-,-,6,14,10,9,1,13-Nov-20,
23027,Cologna Veneta,-,,-,6,-,14,-,7,33,60,54,57,-3,13-Nov-20,
23028,Colognola Ai Colli,-,,-,7,-,23,4,-,21,55,48,58,-10,13-Nov-20,
23029,Concamarise,-,,-,3,-,1,-,-,5,9,6,6,0,13-Nov-20,
23030,Costermano,-,,-,1,-,2,-,2,14,19,18,16,2,13-Nov-20,
23031,Dolce',-,,-,-,-,-,-,-,22,22,22,16,6,13-Nov-20,
23032,Erbe',-,,-,-,-,2,1,1,15,19,19,20,-1,13-Nov-20,
23033,Erbezzo,-,,-,5,-,4,-,-,4,13,8,7,1,13-Nov-20,
23034,Ferrara di Montebaldo,-,,-,-,-,-,-,-,-,-,-,-,0,13-Nov-20,
23035,Fumane,-,,-,-,-,5,-,-,11,16,16,17,-1,13-Nov-20,
23036,Garda,-,,-,2,-,3,1,-,25,31,29,31,-2,13-Nov-20,
23037,Gazzo Veronese,-,,-,18,1,16,1,2,12,50,31,32,-1,13-Nov-20,
23038,Grezzana,-,,-,10,-,23,-,1,31,65,55,51,4,13-Nov-20,
23039,Illasi,-,,1,6,-,13,-,1,30,51,44,38,6,13-Nov-20,
23040,Isola Della Scala,-,,-,8,-,6,10,19,119,162,154,137,17,13-Nov-20,
23041,Isola Rizza,-,,-,4,2,16,20,4,23,69,63,57,6,13-Nov-20,
23042,Lavagno,-,,2,43,1,12,-,3,36,97,51,56,-5,13-Nov-20,
23043,Lazise,-,,-,-,-,11,4,2,30,47,47,46,1,13-Nov-20,
23044,Legnago,-,,2,82,2,76,3,10,74,249,163,152,11,13-Nov-20,
23045,Malcesine,-,,-,1,-,6,-,-,17,24,23,21,2,13-Nov-20,
23046,Marano Di Valpolicella,-,,-,-,-,1,-,-,19,20,20,19,1,13-Nov-20,
23047,Mezzane Di Sotto,-,,2,4,1,13,1,1,3,25,18,18,0,13-Nov-20,
23048,Minerbe,-,,-,20,-,29,1,1,20,71,51,53,-2,13-Nov-20,
23049,Montecchia Di Crosara,-,,-,5,1,7,-,-,26,39,33,22,11,13-Nov-20,
23050,Monteforte D'Alpone,-,,-,16,-,30,30,3,67,146,130,96,34,13-Nov-20,
23051,Mozzecane,-,,-,4,-,18,-,7,87,116,112,101,11,13-Nov-20,
23052,Negrar,-,,-,5,-,13,8,4,119,149,144,140,4,13-Nov-20,
23053,Nogara,-,,-,7,-,20,23,3,32,85,78,70,8,13-Nov-20,
23054,Nogarole Rocca,-,,-,3,-,8,9,3,39,62,59,59,0,13-Nov-20,
23055,Oppeano,-,,-,11,-,30,12,3,37,93,82,74,8,13-Nov-20,
23056,Palu',1,,-,-,-,-,-,-,3,4,3,2,1,13-Nov-20,
23057,Pastrengo,-,,1,1,-,6,14,3,20,45,43,42,1,13-Nov-20,
23058,Pescantina,1,,-,11,1,25,5,4,101,148,135,125,10,13-Nov-20,
23059,Peschiera Del Garda,1,,-,2,-,8,-,4,76,91,88,86,2,13-Nov-20,
23060,Povegliano Veronese,-,,-,4,-,11,2,7,60,84,80,67,13,13-Nov-20,
23061,Pressana,-,,-,6,-,17,-,1,3,27,21,13,8,13-Nov-20,
23062,Rivoli Veronese,-,,-,-,-,-,-,1,14,15,15,15,0,13-Nov-20,
23063,Ronca',-,,-,6,-,10,-,1,34,51,45,36,9,13-Nov-20,
23064,Ronco All'Adige,-,,-,5,3,13,-,1,17,39,31,31,0,13-Nov-20,
23065,Roverchiara,-,,-,2,-,11,-,3,7,23,21,22,-1,13-Nov-20,
23066,Roveredo Di Gua',-,,-,-,-,2,-,-,5,7,7,8,-1,13-Nov-20,
23067,Rovere' Veronese,-,,-,1,-,2,-,-,5,8,7,7,0,13-Nov-20,
23068,Salizzole,-,,-,19,-,27,1,4,9,60,41,40,1,13-Nov-20,
23069,San Bonifacio,1,,1,56,1,108,-,3,86,256,197,200,-3,13-Nov-20,
23070,San Giovanni Ilarione,-,,-,7,-,19,-,5,41,72,65,62,3,13-Nov-20,
23071,San Giovanni Lupatoto,-,,-,52,-,63,2,2,132,251,199,184,15,13-Nov-20,
23072,Sanguinetto,-,,-,-,-,2,3,2,18,25,25,21,4,13-Nov-20,
23073,San Martino Buon Albergo,-,,-,15,1,40,15,3,71,145,129,143,-14,13-Nov-20,
23074,San Mauro Di Saline,-,,-,1,-,1,-,-,-,2,1,1,0,13-Nov-20,
23075,San Pietro Di Morubio,-,,-,29,-,13,-,1,12,55,26,28,-2,13-Nov-20,
23076,San Pietro In Cariano,-,,1,9,2,16,3,7,83,121,109,106,3,13-Nov-20,
23077,Sant'Ambrogio Di Valpolicella,-,,-,8,-,20,2,4,74,108,100,95,5,13-Nov-20,
23078,Sant'Anna D'Alfaedo,-,,-,4,-,2,-,5,14,25,21,22,-1,13-Nov-20,
23079,San Zeno Di Montagna,-,,-,-,-,1,-,-,3,4,4,4,0,13-Nov-20,
23080,Selva Di Progno,-,,-,9,-,8,-,-,2,19,10,9,1,13-Nov-20,
23081,Soave,-,,-,23,-,34,-,2,35,94,71,68,3,13-Nov-20,
23082,Sommacampagna,1,,-,8,-,30,2,14,170,225,216,210,6,13-Nov-20,
23083,Sona,-,,-,8,-,21,4,9,148,190,182,168,14,13-Nov-20,
23084,Sorga',-,,-,2,-,7,-,2,6,17,15,16,-1,13-Nov-20,
23085,Terrazzo,-,,-,6,-,8,-,2,10,26,20,26,-6,13-Nov-20,
23086,Torri Del Benaco,-,,-,-,-,-,-,-,16,16,16,17,-1,13-Nov-20,
23087,Tregnago,-,,-,2,-,20,-,3,32,57,55,57,-2,13-Nov-20,
23088,Trevenzuolo,-,,-,1,-,7,-,2,44,54,53,53,0,13-Nov-20,
23089,Valeggio Sul Mincio,-,,-,5,-,15,-,6,128,154,149,142,7,13-Nov-20,
23090,Velo Veronese,-,,-,-,-,2,-,-,8,10,10,10,0,13-Nov-20,
23091,Verona,1,,5,558,8,755,28,102,964,2421,1849,1845,4,13-Nov-20,
23092,Veronella,-,,-,53,-,35,1,1,25,115,62,59,3,13-Nov-20,
23093,Vestenanova,-,,-,4,-,7,-,-,9,20,16,16,0,13-Nov-20,
23094,Vigasio,-,,-,19,-,14,2,1,80,116,97,91,6,13-Nov-20,
23095,Villa Bartolomea,-,,-,15,-,10,-,3,12,40,25,25,0,13-Nov-20,
23096,Villafranca Di Verona,-,,-,37,2,80,3,32,255,409,370,348,22,13-Nov-20,
23097,Zevio,-,,-,26,1,50,-,2,47,126,99,101,-2,13-Nov-20,
23098,Zimella,-,,-,14,-,11,-,1,29,55,41,39,2,13-Nov-20,
23001,Affi,-,,-,-,-,-,1,1,16,18,18,18,0,16-Nov-20,
23002,Albaredo D'Adige,-,,-,23,1,19,-,1,14,58,34,38,-4,16-Nov-20,
23003,Angiari,-,,-,6,-,10,-,4,8,28,22,28,-6,16-Nov-20,
23004,Arcole,-,,-,13,1,35,1,2,24,76,62,65,-3,16-Nov-20,
23005,Badia Calavena,-,,-,6,-,11,-,1,9,27,21,32,-11,16-Nov-20,
23006,Bardolino,-,,-,-,-,-,5,1,44,50,50,43,7,16-Nov-20,
23007,Belfiore,-,,-,4,-,8,-,2,11,25,21,18,3,16-Nov-20,
23008,Bevilacqua,-,,-,16,-,11,-,1,15,43,27,28,-1,16-Nov-20,
23009,Bonavigo,1,,-,3,-,12,-,-,5,21,17,16,1,16-Nov-20,
23010,Boschi Sant'Anna,-,,-,2,-,9,-,1,14,26,24,19,5,16-Nov-20,
23011,Bosco Chiesanuova,-,,-,-,-,6,1,1,12,20,20,17,3,16-Nov-20,
23012,Bovolone,-,,3,56,-,114,4,6,69,252,193,184,9,16-Nov-20,
23013,Brentino Belluno,-,,-,-,-,-,1,-,1,2,2,2,0,16-Nov-20,
23014,Brenzone,-,,-,-,-,-,-,-,18,18,18,17,1,16-Nov-20,
23015,Bussolengo,-,,-,8,-,30,5,10,158,211,203,199,4,16-Nov-20,
23016,Buttapietra,-,,-,30,-,33,-,7,31,101,71,71,0,16-Nov-20,
23017,Caldiero,-,,-,9,-,38,1,1,28,77,68,56,12,16-Nov-20,
23018,Caprino Veronese,-,,-,-,-,6,2,3,58,69,69,65,4,16-Nov-20,
23019,Casaleone,-,,-,12,-,11,-,3,12,38,26,31,-5,16-Nov-20,
23020,Castagnaro,-,,-,4,-,11,-,3,9,27,23,26,-3,16-Nov-20,
23021,Castel D'Azzano,-,,-,27,-,65,10,11,42,155,128,167,-39,16-Nov-20,
23022,Castelnuovo Del Garda,-,,-,12,-,22,-,6,122,162,150,138,12,16-Nov-20,
23023,Cavaion Veronese,-,,-,-,-,10,2,2,42,56,56,47,9,16-Nov-20,
23024,Cazzano Di Tramigna,-,,-,4,-,8,1,-,4,17,13,14,-1,16-Nov-20,
23025,Cerea,-,,-,42,-,37,24,6,47,156,114,104,10,16-Nov-20,
23026,Cerro Veronese,-,,-,3,-,6,-,-,3,12,9,8,1,16-Nov-20,
23027,Cologna Veneta,-,,-,14,-,21,-,6,33,74,60,62,-2,16-Nov-20,
23028,Colognola Ai Colli,-,,-,4,-,24,2,2,11,43,39,40,-1,16-Nov-20,
23029,Concamarise,-,,-,-,-,1,-,-,4,5,5,6,-1,16-Nov-20,
23030,Costermano,-,,-,-,-,2,-,2,16,20,20,18,2,16-Nov-20,
23031,Dolce',-,,-,2,-,3,-,-,27,32,30,24,6,16-Nov-20,
23032,Erbe',-,,-,-,-,1,1,2,15,19,19,20,-1,16-Nov-20,
23033,Erbezzo,-,,-,5,-,4,-,-,4,13,8,10,-2,16-Nov-20,
23034,Ferrara di Monte Baldo,-,,-,-,-,-,-,-,1,1,1,1,0,16-Nov-20,
23035,Fumane,-,,-,-,-,4,-,-,13,17,17,18,-1,16-Nov-20,
23036,Garda,-,,-,5,-,2,1,1,23,32,27,30,-3,16-Nov-20,
23037,Gazzo Veronese,-,,-,15,1,13,2,1,15,47,31,35,-4,16-Nov-20,
23038,Grezzana,-,,-,16,-,29,-,-,28,73,57,60,-3,16-Nov-20,
23039,Illasi,-,,1,24,-,25,2,1,20,73,48,42,6,16-Nov-20,
23040,Isola Della Scala,-,,-,7,-,13,11,17,126,174,167,158,9,16-Nov-20,
23041,Isola Rizza,2,,-,5,2,16,23,5,20,73,64,70,-6,16-Nov-20,
23042,Lavagno,-,,2,41,1,12,-,2,47,105,61,60,1,16-Nov-20,
23043,Lazise,-,,-,-,-,6,4,4,30,44,44,46,-2,16-Nov-20,
23044,Legnago,-,,-,113,2,92,2,11,64,284,169,165,4,16-Nov-20,
23045,Malcesine,-,,-,1,-,4,-,-,17,22,21,22,-1,16-Nov-20,
23046,Marano Di Valpolicella,-,,-,2,-,-,-,-,22,24,22,21,1,16-Nov-20,
23047,Mezzane Di Sotto,-,,2,2,1,17,1,1,2,26,21,18,3,16-Nov-20,
23048,Minerbe,-,,-,18,-,37,-,-,30,85,67,54,13,16-Nov-20,
23049,Montecchia Di Crosara,-,,-,4,-,3,-,-,31,38,34,35,-1,16-Nov-20,
23050,Monteforte D'Alpone,-,,-,21,-,49,26,3,47,146,125,123,2,16-Nov-20,
23051,Mozzecane,-,,-,6,-,26,-,6,83,121,115,114,1,16-Nov-20,
23052,Negrar,-,,-,8,-,19,9,8,129,173,165,151,14,16-Nov-20,
23053,Nogara,-,,-,8,-,18,22,3,33,84,76,80,-4,16-Nov-20,
23054,Nogarole Rocca,-,,-,4,-,7,10,3,39,63,59,59,0,16-Nov-20,
23055,Oppeano,-,,-,42,-,22,11,2,40,117,75,81,-6,16-Nov-20,
23056,Palu',-,,-,-,-,-,-,1,4,5,5,5,0,16-Nov-20,
23057,Pastrengo,-,,1,1,-,8,14,3,20,47,45,45,0,16-Nov-20,
23058,Pescantina,-,,-,10,1,21,6,3,111,152,141,135,6,16-Nov-20,
23059,Peschiera Del Garda,-,,-,5,-,11,-,5,73,94,89,94,-5,16-Nov-20,
23060,Povegliano Veronese,-,,-,7,-,24,2,6,59,98,91,84,7,16-Nov-20,
23061,Pressana,-,,-,9,-,23,-,1,3,36,27,24,3,16-Nov-20,
23062,Rivoli Veronese,-,,-,-,-,-,-,1,20,21,21,16,5,16-Nov-20,
23063,Ronca',-,,-,15,1,25,-,2,23,66,50,47,3,16-Nov-20,
23064,Ronco All'Adige,-,,-,6,3,16,-,3,19,47,38,37,1,16-Nov-20,
23065,Roverchiara,-,,-,2,-,10,-,5,9,26,24,22,2,16-Nov-20,
23066,Roveredo Di Gua',-,,-,-,-,4,-,1,6,11,11,7,4,16-Nov-20,
23067,Rovere' Veronese,-,,-,-,-,4,-,-,5,9,9,6,3,16-Nov-20,
23068,Salizzole,-,,-,20,-,25,1,4,20,70,50,42,8,16-Nov-20,
23069,San Bonifacio,1,,1,61,-,110,-,3,97,273,210,204,6,16-Nov-20,
23070,San Giovanni Ilarione,-,,-,13,-,22,-,2,34,71,58,62,-4,16-Nov-20,
23071,San Giovanni Lupatoto,-,,-,64,-,102,6,2,84,258,194,207,-13,16-Nov-20,
23072,Sanguinetto,-,,-,6,-,5,4,2,24,41,35,29,6,16-Nov-20,
23073,San Martino Buon Albergo,-,,-,34,1,57,5,3,52,152,117,132,-15,16-Nov-20,
23074,San Mauro Di Saline,-,,-,1,-,1,-,-,-,2,1,1,0,16-Nov-20,
23075,San Pietro Di Morubio,-,,-,7,-,15,-,2,10,34,27,30,-3,16-Nov-20,
23076,San Pietro In Cariano,-,,1,15,1,20,4,9,90,140,123,122,1,16-Nov-20,
23077,Sant'Ambrogio Di Valpolicella,-,,-,4,-,19,3,3,74,103,99,103,-4,16-Nov-20,
23078,Sant'Anna D'Alfaedo,-,,-,6,-,13,-,4,5,28,22,21,1,16-Nov-20,
23079,San Zeno Di Montagna,-,,-,-,-,1,-,1,4,6,6,4,2,16-Nov-20,
23080,Selva Di Progno,-,,-,6,-,5,-,-,2,13,7,9,-2,16-Nov-20,
23081,Soave,-,,-,25,-,46,1,2,43,117,92,76,16,16-Nov-20,
23082,Sommacampagna,-,,-,6,-,28,2,14,165,215,209,211,-2,16-Nov-20,
23083,Sona,-,,-,10,-,27,3,10,171,221,211,194,17,16-Nov-20,
23084,Sorga',-,,-,1,-,3,-,2,4,10,9,10,-1,16-Nov-20,
23085,Terrazzo,-,,-,7,-,13,-,-,6,26,19,21,-2,16-Nov-20,
23086,Torri Del Benaco,-,,-,-,-,1,-,-,16,17,17,16,1,16-Nov-20,
23087,Tregnago,-,,-,15,-,26,-,2,17,60,45,48,-3,16-Nov-20,
23088,Trevenzuolo,-,,-,1,-,6,-,1,49,57,56,56,0,16-Nov-20,
23089,Valeggio Sul Mincio,-,,-,9,-,24,-,9,122,164,155,150,5,16-Nov-20,
23090,Velo Veronese,-,,-,-,-,7,-,-,3,10,10,11,-1,16-Nov-20,
23091,Verona,1,,2,587,9,885,38,107,976,2605,2006,1966,40,16-Nov-20,
23092,Veronella,-,,-,49,-,36,-,1,24,110,61,61,0,16-Nov-20,
23093,Vestenanova,-,,-,4,-,9,-,-,9,22,18,17,1,16-Nov-20,
23094,Vigasio,-,,-,20,-,17,2,2,78,119,99,100,-1,16-Nov-20,
23095,Villa Bartolomea,-,,-,15,-,9,-,3,13,40,25,26,-1,16-Nov-20,
23096,Villafranca Di Verona,-,,-,32,1,69,3,31,269,405,372,374,-2,16-Nov-20,
23097,Zevio,-,,-,32,2,52,1,2,51,140,106,99,7,16-Nov-20,
23098,Zimella,-,,-,12,-,13,-,1,33,59,47,44,3,16-Nov-20,
23001,Affi,-,,-,3,-,5,1,1,11,21,18,17,1,18-Nov-20,
23002,Albaredo D'Adige,-,,-,27,1,28,-,2,15,73,45,37,8,18-Nov-20,
23003,Angiari,-,,-,15,-,15,-,3,6,39,24,23,1,18-Nov-20,
23004,Arcole,-,,-,12,-,43,1,2,26,84,72,70,2,18-Nov-20,
23005,Badia Calavena,-,,-,10,-,17,1,2,-,30,20,22,-2,18-Nov-20,
23006,Bardolino,2,,-,9,-,15,5,4,37,72,61,51,10,18-Nov-20,
23007,Belfiore,-,,-,9,-,23,-,2,11,45,36,34,2,18-Nov-20,
23008,Bevilacqua,-,,-,3,-,22,-,1,5,31,28,28,0,18-Nov-20,
23009,Bonavigo,-,,-,3,-,7,-,-,9,19,16,16,0,18-Nov-20,
23010,Boschi Sant'Anna,-,,-,5,-,19,-,1,5,30,25,24,1,18-Nov-20,
23011,Bosco Chiesanuova,1,,-,2,-,13,2,1,10,29,26,22,4,18-Nov-20,
23012,Bovolone,1,,1,136,-,154,5,8,63,368,230,190,40,18-Nov-20,
23013,Brentino Belluno,-,,-,-,-,-,1,-,2,3,3,2,1,18-Nov-20,
23014,Brenzone,-,,-,-,-,-,-,-,19,19,19,19,0,18-Nov-20,
23015,Bussolengo,6,,-,15,-,48,18,17,151,255,234,210,24,18-Nov-20,
23016,Buttapietra,-,,-,37,-,53,-,7,18,115,78,66,12,18-Nov-20,
23017,Caldiero,2,,-,8,2,37,1,-,18,68,56,76,-20,18-Nov-20,
23018,Caprino Veronese,1,,-,2,-,15,2,3,64,87,84,67,17,18-Nov-20,
23019,Casaleone,2,,-,19,-,34,-,3,15,73,52,26,26,18-Nov-20,
23020,Castagnaro,-,,-,8,-,17,-,4,10,39,31,25,6,18-Nov-20,
23021,Castel D'Azzano,-,,-,59,-,83,11,10,37,200,141,136,5,18-Nov-20,
23022,Castelnuovo Del Garda,1,,-,14,-,42,6,5,116,184,169,150,19,18-Nov-20,
23023,Cavaion Veronese,-,,-,9,-,19,1,2,36,67,58,49,9,18-Nov-20,
23024,Cazzano Di Tramigna,-,,-,6,-,9,1,-,10,26,20,14,6,18-Nov-20,
23025,Cerea,-,,-,55,2,116,22,8,40,243,186,119,67,18-Nov-20,
23026,Cerro Veronese,1,,-,8,-,10,-,-,4,23,14,9,5,18-Nov-20,
23027,Cologna Veneta,-,,-,12,-,25,-,6,36,79,67,61,6,18-Nov-20,
23028,Colognola Ai Colli,3,,-,8,1,26,2,1,20,61,49,46,3,18-Nov-20,
23029,Concamarise,-,,-,-,-,4,-,-,4,8,8,5,3,18-Nov-20,
23030,Costermano,-,,-,3,-,5,-,3,18,29,26,22,4,18-Nov-20,
23031,Dolce',-,,-,7,-,12,1,-,15,35,28,19,9,18-Nov-20,
23032,Erbe',-,,-,2,-,4,1,4,11,22,20,20,0,18-Nov-20,
23033,Erbezzo,-,,-,3,-,6,-,1,3,13,10,10,0,18-Nov-20,
23034,Ferrara di Monte Baldo,-,,-,-,-,-,-,-,1,1,1,1,0,18-Nov-20,
23035,Fumane,1,,-,9,-,16,1,-,17,44,34,18,16,18-Nov-20,
23036,Garda,3,,-,6,-,4,1,-,17,31,22,25,-3,18-Nov-20,
23037,Gazzo Veronese,-,,-,21,1,32,2,2,14,72,50,28,22,18-Nov-20,
23038,Grezzana,2,,-,14,-,42,-,1,41,100,84,63,21,18-Nov-20,
23039,Illasi,1,,1,26,-,38,17,3,20,106,78,52,26,18-Nov-20,
23040,Isola Della Scala,4,,-,14,-,29,22,15,120,204,186,174,12,18-Nov-20,
23041,Isola Rizza,-,,-,9,2,25,40,4,19,99,88,84,4,18-Nov-20,
23042,Lavagno,1,,2,13,1,29,-,2,35,83,66,65,1,18-Nov-20,
23043,Lazise,-,,-,1,-,18,4,5,26,54,53,43,10,18-Nov-20,
23044,Legnago,1,,-,155,2,103,3,11,70,345,187,179,8,18-Nov-20,
23045,Malcesine,-,,-,1,-,5,-,-,19,25,24,20,4,18-Nov-20,
23046,Marano Di Valpolicella,-,,-,14,-,14,-,-,20,48,34,22,12,18-Nov-20,
23047,Mezzane Di Sotto,2,,2,8,1,21,1,-,2,37,24,22,2,18-Nov-20,
23048,Minerbe,-,,-,22,-,45,38,-,31,136,114,85,29,18-Nov-20,
23049,Montecchia Di Crosara,-,,-,8,-,14,-,1,31,54,46,41,5,18-Nov-20,
23050,Monteforte D'Alpone,2,,-,14,-,51,25,3,56,151,135,127,8,18-Nov-20,
23051,Mozzecane,-,,-,3,-,37,1,5,80,126,123,120,3,18-Nov-20,
23052,Negrar,1,,-,14,2,21,15,8,138,199,182,170,12,18-Nov-20,
23053,Nogara,2,,-,8,-,58,22,6,29,125,115,77,38,18-Nov-20,
23054,Nogarole Rocca,3,,-,11,-,7,9,2,36,68,54,54,0,18-Nov-20,
23055,Oppeano,1,,3,77,2,64,11,3,32,193,110,79,31,18-Nov-20,
23056,Palu',-,,-,3,-,3,-,1,3,10,7,7,0,18-Nov-20,
23057,Pastrengo,-,,-,15,-,23,14,4,10,66,51,44,7,18-Nov-20,
23058,Pescantina,2,,-,28,1,54,7,6,94,192,161,137,24,18-Nov-20,
23059,Peschiera Del Garda,1,,-,4,-,9,1,5,83,103,98,93,5,18-Nov-20,
23060,Povegliano Veronese,-,,-,4,-,27,2,8,57,98,94,94,0,18-Nov-20,
23061,Pressana,-,,-,5,-,18,-,-,5,28,23,24,-1,18-Nov-20,
23062,Rivoli Veronese,-,,-,3,-,-,-,2,21,26,23,21,2,18-Nov-20,
23063,Ronca',1,,-,10,-,23,-,2,25,61,50,53,-3,18-Nov-20,
23064,Ronco All'Adige,-,,-,20,3,42,1,3,15,84,61,36,25,18-Nov-20,
23065,Roverchiara,4,,-,4,-,10,1,5,9,33,25,23,2,18-Nov-20,
23066,Roveredo Di Gua',-,,-,-,-,4,-,2,3,9,9,10,-1,18-Nov-20,
23067,Rovere' Veronese,-,,-,2,-,3,-,-,6,11,9,8,1,18-Nov-20,
23068,Salizzole,-,,-,26,2,40,2,2,11,83,55,47,8,18-Nov-20,
23069,San Bonifacio,6,,1,53,1,141,9,2,94,307,246,228,18,18-Nov-20,
23070,San Giovanni Ilarione,1,,-,18,-,30,-,3,33,85,66,67,-1,18-Nov-20,
23071,San Giovanni Lupatoto,-,,-,65,-,104,5,-,97,271,206,186,20,18-Nov-20,
23072,Sanguinetto,-,,-,22,-,22,7,3,22,76,54,37,17,18-Nov-20,
23073,San Martino Buon Albergo,4,,-,68,1,80,29,2,50,234,161,114,47,18-Nov-20,
23074,San Mauro Di Saline,-,,-,-,-,-,-,-,-,-,-,-,0,18-Nov-20,
23075,San Pietro Di Morubio,1,,1,29,2,34,1,2,8,78,45,29,16,18-Nov-20,
23076,San Pietro In Cariano,1,,-,36,1,48,5,9,73,173,135,111,24,18-Nov-20,
23077,Sant'Ambrogio Di Valpolicella,-,,-,18,-,37,5,2,59,121,103,92,11,18-Nov-20,
23078,Sant'Anna D'Alfaedo,-,,-,4,-,13,-,4,5,26,22,22,0,18-Nov-20,
23079,San Zeno Di Montagna,-,,-,1,-,2,-,1,1,5,4,5,-1,18-Nov-20,
23080,Selva Di Progno,-,,-,8,-,9,-,-,2,19,11,9,2,18-Nov-20,
23081,Soave,-,,-,23,-,51,4,2,62,142,119,100,19,18-Nov-20,
23082,Sommacampagna,1,,-,22,-,40,2,14,148,227,204,209,-5,18-Nov-20,
23083,Sona,1,,-,16,-,57,3,7,143,227,210,208,2,18-Nov-20,
23084,Sorga',-,,-,3,-,19,-,1,8,31,28,17,11,18-Nov-20,
23085,Terrazzo,-,,-,10,-,11,-,-,8,29,19,18,1,18-Nov-20,
23086,Torri Del Benaco,2,,-,-,-,-,-,-,12,14,12,16,-4,18-Nov-20,
23087,Tregnago,-,,-,15,-,20,2,1,18,56,41,45,-4,18-Nov-20,
23088,Trevenzuolo,-,,-,12,-,23,2,-,41,78,66,59,7,18-Nov-20,
23089,Valeggio Sul Mincio,-,,-,12,-,53,-,11,112,188,176,158,18,18-Nov-20,
23090,Velo Veronese,-,,-,-,-,3,-,-,2,5,5,6,-1,18-Nov-20,
23091,Verona,30,,3,722,11,1113,31,103,1034,3047,2281,2007,274,18-Nov-20,
23092,Veronella,-,,-,48,-,44,-,1,20,113,65,65,0,18-Nov-20,
23093,Vestenanova,-,,-,1,-,12,-,-,10,23,22,16,6,18-Nov-20,
23094,Vigasio,4,,-,21,1,25,4,4,82,141,115,98,17,18-Nov-20,
23095,Villa Bartolomea,-,,-,36,-,35,-,1,7,79,43,26,17,18-Nov-20,
23096,Villafranca Di Verona,2,,-,42,1,101,4,29,254,433,388,365,23,18-Nov-20,
23097,Zevio,-,,-,54,2,77,1,4,46,184,128,99,29,18-Nov-20,
23098,Zimella,1,,-,14,-,19,-,2,40,76,61,51,10,18-Nov-20,
23001,Affi,-,,-,8,-,4,1,1,8,22,14,21,-7,20-Nov-20,
23002,Albaredo D'Adige,-,,1,27,1,25,-,2,14,70,41,45,-4,20-Nov-20,
23003,Angiari,-,,-,15,-,12,-,3,6,36,21,25,-4,20-Nov-20,
23004,Arcole,-,,-,8,-,34,1,2,31,76,68,76,-8,20-Nov-20,
23005,Badia Calavena,-,,-,6,-,9,1,3,-,19,13,23,-10,20-Nov-20,
23006,Bardolino,2,,-,16,-,23,3,5,29,78,60,58,2,20-Nov-20,
23007,Belfiore,-,,-,11,-,26,-,2,3,42,31,36,-5,20-Nov-20,
23008,Bevilacqua,-,,-,7,1,24,-,1,7,40,32,31,1,20-Nov-20,
23009,Bonavigo,-,,-,1,-,11,-,-,8,20,19,20,-1,20-Nov-20,
23010,Boschi Sant'Anna,-,,-,16,-,20,-,-,2,38,22,23,-1,20-Nov-20,
23011,Bosco Chiesanuova,-,,-,4,-,12,2,1,13,32,28,25,3,20-Nov-20,
23012,Bovolone,-,,1,114,1,142,6,6,59,329,213,218,-5,20-Nov-20,
23013,Brentino Belluno,-,,-,-,-,-,1,-,2,3,3,3,0,20-Nov-20,
23014,Brenzone,-,,-,1,-,2,-,-,16,19,18,20,-2,20-Nov-20,
23015,Bussolengo,6,,-,31,-,58,19,18,142,274,237,234,3,20-Nov-20,
23016,Buttapietra,-,,-,32,-,42,-,5,26,105,73,78,-5,20-Nov-20,
23017,Caldiero,1,,-,10,-,38,1,1,17,68,57,54,3,20-Nov-20,
23018,Caprino Veronese,1,,-,7,-,21,1,3,57,90,82,81,1,20-Nov-20,
23019,Casaleone,2,,-,20,-,33,-,3,16,74,52,57,-5,20-Nov-20,
23020,Castagnaro,-,,-,9,-,14,-,4,10,37,28,31,-3,20-Nov-20,
23021,Castel D'Azzano,-,,-,48,-,80,9,7,33,177,129,147,-18,20-Nov-20,
23022,Castelnuovo Del Garda,1,,-,11,1,39,6,5,119,182,169,165,4,20-Nov-20,
23023,Cavaion Veronese,-,,-,7,-,17,1,3,35,63,56,57,-1,20-Nov-20,
23024,Cazzano Di Tramigna,-,,-,5,-,7,1,-,11,24,19,21,-2,20-Nov-20,
23025,Cerea,-,,-,52,2,106,14,4,34,212,158,171,-13,20-Nov-20,
23026,Cerro Veronese,-,,-,9,-,8,-,-,7,24,15,17,-2,20-Nov-20,
23027,Cologna Veneta,-,,-,13,-,22,-,7,34,76,63,65,-2,20-Nov-20,
23028,Colognola Ai Colli,3,,2,14,2,30,4,-,25,80,59,58,1,20-Nov-20,
23029,Concamarise,-,,-,-,-,4,-,-,6,10,10,9,1,20-Nov-20,
23030,Costermano,-,,-,3,-,5,-,1,19,28,25,26,-1,20-Nov-20,
23031,Dolce',-,,-,7,-,11,1,-,18,37,30,31,-1,20-Nov-20,
23032,Erbe',-,,-,-,-,4,-,4,12,20,20,21,-1,20-Nov-20,
23033,Erbezzo,-,,-,1,-,3,-,1,4,9,8,11,-3,20-Nov-20,
23034,Ferrara di Monte Baldo,-,,-,-,-,-,-,-,1,1,1,1,0,20-Nov-20,
23035,Fumane,-,,-,10,-,17,1,1,15,44,34,35,-1,20-Nov-20,
23036,Garda,3,,-,10,-,5,1,-,14,33,20,21,-1,20-Nov-20,
23037,Gazzo Veronese,-,,-,19,1,34,1,4,17,76,56,52,4,20-Nov-20,
23038,Grezzana,2,,-,17,-,43,-,1,42,105,86,86,0,20-Nov-20,
23039,Illasi,1,,-,21,-,34,24,2,25,107,85,87,-2,20-Nov-20,
23040,Isola Della Scala,4,,-,16,-,25,22,18,124,209,189,184,5,20-Nov-20,
23041,Isola Rizza,-,,-,6,1,19,38,4,18,86,79,88,-9,20-Nov-20,
23042,Lavagno,1,,-,8,-,27,-,2,37,75,66,66,0,20-Nov-20,
23043,Lazise,-,,-,1,-,13,1,4,32,51,50,51,-1,20-Nov-20,
23044,Legnago,1,,-,131,4,127,3,8,81,355,219,203,16,20-Nov-20,
23045,Malcesine,-,,-,1,-,3,-,1,17,22,21,21,0,20-Nov-20,
23046,Marano Di Valpolicella,-,,-,13,-,13,-,-,18,44,31,33,-2,20-Nov-20,
23047,Mezzane Di Sotto,2,,-,10,-,14,1,1,2,30,18,20,-2,20-Nov-20,
23048,Minerbe,-,,-,10,-,43,38,-,29,120,110,112,-2,20-Nov-20,
23049,Montecchia Di Crosara,-,,-,12,1,21,-,2,26,62,49,43,6,20-Nov-20,
23050,Monteforte D'Alpone,2,,-,16,-,43,20,1,59,141,123,132,-9,20-Nov-20,
23051,Mozzecane,-,,-,15,-,38,1,4,81,139,124,117,7,20-Nov-20,
23052,Negrar,1,,-,11,1,21,15,9,139,197,184,180,4,20-Nov-20,
23053,Nogara,2,,-,12,-,48,42,6,32,142,128,110,18,20-Nov-20,
23054,Nogarole Rocca,3,,-,7,-,7,8,3,36,64,54,53,1,20-Nov-20,
23055,Oppeano,-,,3,72,2,58,11,3,29,178,101,107,-6,20-Nov-20,
23056,Palu',-,,-,2,-,3,-,1,3,9,7,7,0,20-Nov-20,
23057,Pastrengo,-,,-,12,-,16,12,5,10,55,43,44,-1,20-Nov-20,
23058,Pescantina,-,,-,20,-,45,7,4,105,181,161,161,0,20-Nov-20,
23059,Peschiera Del Garda,1,,-,1,-,9,1,4,96,112,110,98,12,20-Nov-20,
23060,Povegliano Veronese,-,,-,12,1,23,1,10,64,111,98,95,3,20-Nov-20,
23061,Pressana,-,,-,3,-,9,-,-,5,17,14,24,-10,20-Nov-20,
23062,Rivoli Veronese,-,,-,2,-,1,-,2,21,26,24,23,1,20-Nov-20,
23063,Ronca',1,,-,10,-,26,-,2,24,63,52,52,0,20-Nov-20,
23064,Ronco All'Adige,-,,-,14,4,25,1,6,18,68,50,62,-12,20-Nov-20,
23065,Roverchiara,3,,-,5,-,8,1,3,11,31,23,25,-2,20-Nov-20,
23066,Roveredo Di Gua',-,,-,1,-,3,-,2,3,9,8,9,-1,20-Nov-20,
23067,Rovere' Veronese,-,,-,2,-,2,-,-,6,10,8,9,-1,20-Nov-20,
23068,Salizzole,-,,-,26,3,39,1,3,13,85,56,52,4,20-Nov-20,
23069,San Bonifacio,6,,1,44,1,110,9,3,100,274,222,229,-7,20-Nov-20,
23070,San Giovanni Ilarione,1,,-,16,-,31,-,1,35,84,67,69,-2,20-Nov-20,
23071,San Giovanni Lupatoto,-,,-,70,-,94,10,2,115,291,221,206,15,20-Nov-20,
23072,Sanguinetto,-,,-,24,-,26,10,3,13,76,52,49,3,20-Nov-20,
23073,San Martino Buon Albergo,4,,-,49,1,65,30,2,59,210,156,157,-1,20-Nov-20,
23074,San Mauro Di Saline,-,,-,-,-,-,-,-,-,-,-,-,0,20-Nov-20,
23075,San Pietro Di Morubio,-,,1,25,1,27,1,4,9,68,41,46,-5,20-Nov-20,
23076,San Pietro In Cariano,1,,-,26,-,39,5,10,72,153,126,132,-6,20-Nov-20,
23077,Sant'Ambrogio Di Valpolicella,-,,-,23,-,21,6,4,57,111,88,95,-7,20-Nov-20,
23078,Sant'Anna D'Alfaedo,-,,-,4,-,13,-,3,4,24,20,20,0,20-Nov-20,
23079,San Zeno Di Montagna,-,,-,-,-,-,-,1,2,3,3,3,0,20-Nov-20,
23080,Selva Di Progno,-,,-,7,-,6,-,-,1,14,7,7,0,20-Nov-20,
23081,Soave,-,,-,32,-,47,5,1,60,145,113,111,2,20-Nov-20,
23082,Sommacampagna,1,,-,24,-,32,2,15,168,242,217,208,9,20-Nov-20,
23083,Sona,1,,-,21,-,54,3,7,154,240,218,211,7,20-Nov-20,
23084,Sorga',-,,-,4,-,18,-,2,4,28,24,25,-1,20-Nov-20,
23085,Terrazzo,-,,-,13,-,12,-,-,6,31,18,18,0,20-Nov-20,
23086,Torri Del Benaco,1,,-,-,-,-,-,-,7,8,7,12,-5,20-Nov-20,
23087,Tregnago,-,,-,9,-,16,4,1,26,56,47,41,6,20-Nov-20,
23088,Trevenzuolo,-,,-,4,-,20,2,-,43,69,65,65,0,20-Nov-20,
23089,Valeggio Sul Mincio,-,,-,14,-,46,-,12,120,192,178,173,5,20-Nov-20,
23090,Velo Veronese,-,,-,-,-,3,-,-,2,5,5,5,0,20-Nov-20,
23091,Verona,23,,1,633,9,997,42,100,1,2805,2139,2202,-63,20-Nov-20,
23092,Veronella,-,,-,44,-,36,-,1,18,99,55,65,-10,20-Nov-20,
23093,Vestenanova,-,,-,1,-,8,-,-,11,20,19,21,-2,20-Nov-20,
23094,Vigasio,4,,-,13,1,24,4,3,85,134,116,112,4,20-Nov-20,
23095,Villa Bartolomea,-,,-,27,-,23,-,1,12,63,36,44,-8,20-Nov-20,
23096,Villafranca Di Verona,1,,-,33,-,82,3,29,272,420,386,371,15,20-Nov-20,
23097,Zevio,-,,-,44,2,61,1,5,52,165,119,132,-13,20-Nov-20,
23098,Zimella,1,,-,12,-,18,-,2,41,74,61,60,1,20-Nov-20,
23001,Affi,-,,-,8,-,6,1,1,7,23,15,14,1,21-Nov-20,2362
23002,Albaredo D'Adige,-,,1,22,-,24,-,1,10,58,35,41,-6,21-Nov-20,5265
23003,Angiari,-,,-,11,-,12,-,2,6,31,20,21,-1,21-Nov-20,2317
23004,Arcole,-,,-,6,-,31,1,3,25,66,60,68,-8,21-Nov-20,6377
23005,Badia Calavena,-,,-,4,-,8,1,3,1,17,13,13,0,21-Nov-20,2615
23006,Bardolino,2,,-,16,-,21,3,5,30,77,59,60,-1,21-Nov-20,7184
23007,Belfiore,-,,-,11,-,23,-,1,4,39,28,31,-3,21-Nov-20,3235
23008,Bevilacqua,-,,-,7,1,25,-,1,3,37,29,32,-3,21-Nov-20,1717
23009,Bonavigo,-,,-,1,-,15,-,1,5,22,21,19,2,21-Nov-20,199
23010,Boschi Sant'Anna,-,,-,15,-,19,-,-,2,36,21,22,-1,21-Nov-20,1377
23011,Bosco Chiesanuova,-,,-,4,-,8,2,1,13,28,24,28,-4,21-Nov-20,3551
23012,Bovolone,-,,1,105,1,127,6,7,59,306,199,213,-14,21-Nov-20,16119
23013,Brentino Belluno,-,,-,-,-,-,1,1,2,4,4,3,1,21-Nov-20,1347
23014,Brenzone,-,,-,1,-,4,-,-,22,27,26,18,8,21-Nov-20,2487
23015,Bussolengo,6,,-,28,-,66,19,17,137,273,239,237,2,21-Nov-20,2041
23016,Buttapietra,-,,-,31,-,38,-,5,24,98,67,73,-6,21-Nov-20,7019
23017,Caldiero,1,,-,10,-,28,1,1,18,59,48,57,-9,21-Nov-20,7945
23018,Caprino Veronese,1,,-,7,-,28,1,3,46,86,78,82,-4,21-Nov-20,8591
23019,Casaleone,2,,-,20,-,37,-,4,9,72,50,52,-2,21-Nov-20,5581
23020,Castagnaro,-,,-,6,-,19,-,3,5,33,27,28,-1,21-Nov-20,3656
23021,Castel D'Azzano,-,,-,40,-,66,9,4,33,152,112,129,-17,21-Nov-20,1199
23022,Castelnuovo Del Garda,1,,-,10,1,49,6,4,105,176,164,169,-5,21-Nov-20,13407
23023,Cavaion Veronese,-,,-,7,-,22,1,3,31,64,57,56,1,21-Nov-20,6015
23024,Cazzano Di Tramigna,-,,-,4,-,10,1,-,6,21,17,19,-2,21-Nov-20,1489
23025,Cerea,-,,-,50,2,111,14,5,26,208,156,158,-2,21-Nov-20,16717
23026,Cerro Veronese,-,,-,8,1,12,-,-,6,27,18,15,3,21-Nov-20,2497
23027,Cologna Veneta,-,,-,11,-,26,-,4,27,68,57,63,-6,21-Nov-20,8499
23028,Colognola Ai Colli,3,,2,10,2,33,4,-,23,77,60,59,1,21-Nov-20,8722
23029,Concamarise,-,,-,-,-,3,-,-,6,9,9,10,-1,21-Nov-20,1089
23030,Costermano,-,,-,3,-,6,-,1,17,27,24,25,-1,21-Nov-20,3902
23031,Dolce',-,,-,7,-,11,2,-,20,40,33,30,3,21-Nov-20,261
23032,Erbe',-,,-,-,-,3,-,4,12,19,19,20,-1,21-Nov-20,19
23033,Erbezzo,-,,-,1,-,3,1,1,4,10,9,8,1,21-Nov-20,766
23034,Ferrara di Monte Baldo,-,,-,-,-,-,-,-,1,1,1,1,0,21-Nov-20,268
23035,Fumane,-,,-,10,-,19,1,1,12,43,33,34,-1,21-Nov-20,4114
23036,Garda,3,,-,10,-,5,1,-,13,32,19,20,-1,21-Nov-20,4124
23037,Gazzo Veronese,-,,-,16,1,34,1,4,17,73,56,56,0,21-Nov-20,5282
23038,Grezzana,2,,-,13,-,52,-,1,28,96,81,86,-5,21-Nov-20,10857
23039,Illasi,1,,-,17,1,42,24,2,12,99,80,85,-5,21-Nov-20,5219
23040,Isola Della Scala,4,,-,16,-,23,23,18,122,206,186,189,-3,21-Nov-20,11548
23041,Isola Rizza,-,,-,5,1,13,37,4,16,76,70,79,-9,21-Nov-20,3248
23042,Lavagno,1,,-,9,-,31,-,3,28,72,62,66,-4,21-Nov-20,8561
23043,Lazise,-,,-,1,-,9,2,4,33,49,48,50,-2,21-Nov-20,7063
23044,Legnago,1,,-,127,5,142,2,9,72,358,225,219,6,21-Nov-20,25624
23045,Malcesine,-,,-,-,-,1,-,1,20,22,22,21,1,21-Nov-20,369
23046,Marano Di Valpolicella,-,,-,13,-,14,-,-,18,45,32,31,1,21-Nov-20,3157
23047,Mezzane Di Sotto,2,,-,8,-,14,1,2,2,29,19,18,1,21-Nov-20,2518
23048,Minerbe,-,,-,11,-,44,38,-,24,117,106,110,-4,21-Nov-20,4578
23049,Montecchia Di Crosara,-,,-,12,1,19,-,2,29,63,50,49,1,21-Nov-20,4344
23050,Monteforte D'Alpone,-,,-,14,-,44,20,1,52,131,117,123,-6,21-Nov-20,9048
23051,Mozzecane,-,,-,15,-,41,1,3,79,139,124,124,0,21-Nov-20,7948
23052,Negrar,1,,-,6,1,38,14,10,116,186,178,184,-6,21-Nov-20,17052
23053,Nogara,2,,-,11,-,45,43,6,32,139,126,128,-2,21-Nov-20,8461
23054,Nogarole Rocca,2,,-,6,-,9,8,3,37,65,57,54,3,21-Nov-20,373
23055,Oppeano,-,,3,66,2,57,11,4,28,171,100,101,-1,21-Nov-20,10263
23056,Palu',-,,-,2,-,4,-,1,2,9,7,7,0,21-Nov-20,1254
23057,Pastrengo,-,,-,10,-,15,15,4,10,54,44,43,1,21-Nov-20,3156
23058,Pescantina,-,,-,25,-,53,6,4,93,181,156,161,-5,21-Nov-20,17472
23059,Peschiera Del Garda,1,,-,-,-,12,1,5,85,104,103,110,-7,21-Nov-20,10746
23060,Povegliano Veronese,-,,-,11,1,22,1,10,63,108,96,98,-2,21-Nov-20,7276
23061,Pressana,-,,-,2,-,13,-,-,1,16,14,14,0,21-Nov-20,2523
23062,Rivoli Veronese,-,,-,2,2,4,-,2,20,30,26,24,2,21-Nov-20,2206
23063,Ronca',1,,-,10,-,28,-,2,20,61,50,52,-2,21-Nov-20,3769
23064,Ronco All'Adige,-,,-,14,4,21,1,6,15,61,43,50,-7,21-Nov-20,5952
23065,Roverchiara,3,,-,5,2,9,1,2,12,34,24,23,1,21-Nov-20,2638
23066,Roveredo Di Gua',-,,-,1,-,2,-,2,3,8,7,8,-1,21-Nov-20,1603
23067,Rovere' Veronese,-,,-,4,-,4,-,-,3,11,7,8,-1,21-Nov-20,2101
23068,Salizzole,-,,-,24,3,45,2,1,8,83,56,56,0,21-Nov-20,3833
23069,San Bonifacio,6,,1,42,1,127,12,3,76,268,218,222,-4,21-Nov-20,21529
23070,San Giovanni Ilarione,1,,-,11,-,36,-,1,29,78,66,67,-1,21-Nov-20,5019
23071,San Giovanni Lupatoto,-,,-,65,-,106,10,2,99,282,217,221,-4,21-Nov-20,25434
23072,Sanguinetto,-,,-,23,-,24,15,2,13,77,54,52,2,21-Nov-20,4124
23073,San Martino Buon Albergo,4,,-,49,1,62,31,2,54,203,149,156,-7,21-Nov-20,15799
23074,San Mauro Di Saline,-,,-,-,-,-,-,-,-,-,-,-,0,21-Nov-20,572
23075,San Pietro Di Morubio,-,,1,25,1,23,1,4,11,66,39,41,-2,21-Nov-20,3034
23076,San Pietro In Cariano,1,,-,23,-,40,5,9,66,144,120,126,-6,21-Nov-20,1292
23077,Sant'Ambrogio Di Valpolicella,-,,-,21,-,25,6,4,57,113,92,88,4,21-Nov-20,11959
23078,Sant'Anna D'Alfaedo,-,,-,1,-,12,-,3,4,20,19,20,-1,21-Nov-20,2539
23079,San Zeno Di Montagna,-,,-,-,-,1,-,1,1,3,3,3,0,21-Nov-20,1417
23080,Selva Di Progno,-,,-,7,-,6,-,-,-,13,6,7,-1,21-Nov-20,896
23081,Soave,-,,-,32,-,69,7,1,46,155,123,113,10,21-Nov-20,7106
23082,Sommacampagna,-,,-,17,-,40,3,13,157,230,213,217,-4,21-Nov-20,14865
23083,Sona,-,,-,19,-,54,3,7,140,223,204,218,-14,21-Nov-20,17719
23084,Sorga',-,,-,4,-,17,-,2,4,27,23,24,-1,21-Nov-20,3013
23085,Terrazzo,-,,-,11,-,11,-,-,3,25,14,18,-4,21-Nov-20,2153
23086,Torri Del Benaco,1,,-,-,-,-,-,-,7,8,7,7,0,21-Nov-20,3053
23087,Tregnago,-,,-,9,-,19,4,1,24,57,48,47,1,21-Nov-20,4902
23088,Trevenzuolo,-,,-,3,-,19,2,-,43,67,64,65,-1,21-Nov-20,2776
23089,Valeggio Sul Mincio,-,,-,10,-,51,-,12,108,181,171,178,-7,21-Nov-20,15729
23090,Velo Veronese,-,,-,-,-,3,-,-,3,6,6,5,1,21-Nov-20,754
23091,Verona,20,,1,608,10,1072,53,97,864,2725,2086,2139,-53,21-Nov-20,259785
23092,Veronella,-,,-,42,-,33,-,-,12,87,45,55,-10,21-Nov-20,5106
23093,Vestenanova,-,,-,1,-,9,-,-,8,18,17,19,-2,21-Nov-20,2564
23094,Vigasio,4,,-,12,-,29,4,3,78,130,114,116,-2,21-Nov-20,10329
23095,Villa Bartolomea,-,,-,26,-,26,-,1,14,67,41,36,5,21-Nov-20,5832
23096,Villafranca Di Verona,1,,-,28,-,95,3,29,249,405,376,386,-10,21-Nov-20,33443
23097,Zevio,-,,-,37,3,72,1,5,36,154,114,119,-5,21-Nov-20,15218
23098,Zimella,1,,-,10,-,23,-,2,35,71,60,61,-1,21-Nov-20,4882
23001,Affi,-,,-,6,-,6,1,1,7,21,15,15,0,22-Nov-20,
23002,Albaredo D'Adige,-,,1,20,-,28,-,1,6,56,35,35,0,22-Nov-20,
23003,Angiari,-,,-,8,-,17,-,2,4,31,23,20,3,22-Nov-20,
23004,Arcole,-,,-,6,-,35,1,3,18,63,57,60,-3,22-Nov-20,
23005,Badia Calavena,-,,-,3,-,9,1,3,-,16,13,13,0,22-Nov-20,
23006,Bardolino,2,,-,17,3,28,3,5,23,81,59,59,0,22-Nov-20,
23007,Belfiore,-,,-,11,-,23,-,1,5,40,29,28,1,22-Nov-20,
23008,Bevilacqua,-,,-,7,1,25,-,1,3,37,29,29,0,22-Nov-20,
23009,Bonavigo,-,,-,1,-,14,-,1,5,21,20,21,-1,22-Nov-20,
23010,Boschi Sant'Anna,-,,-,15,-,19,-,-,2,36,21,21,0,22-Nov-20,
23011,Bosco Chiesanuova,-,,-,6,-,11,2,1,10,30,24,24,0,22-Nov-20,
23012,Bovolone,-,,1,106,1,150,5,7,42,312,204,199,5,22-Nov-20,
23013,Brentino Belluno,-,,-,-,-,1,1,1,1,4,4,4,0,22-Nov-20,
23014,Brenzone,-,,-,1,-,6,-,-,20,27,26,26,0,22-Nov-20,
23015,Bussolengo,6,,-,29,2,80,19,17,122,275,238,239,-1,22-Nov-20,
23016,Buttapietra,-,,-,36,1,45,-,5,18,105,68,67,1,22-Nov-20,
23017,Caldiero,1,,-,8,-,26,1,1,18,55,46,48,-2,22-Nov-20,
23018,Caprino Veronese,-,,-,7,-,31,1,3,41,83,76,78,-2,22-Nov-20,
23019,Casaleone,2,,-,20,-,35,-,4,9,70,48,50,-2,22-Nov-20,
23020,Castagnaro,-,,-,6,-,20,-,3,7,36,30,27,3,22-Nov-20,
23021,Castel D'Azzano,-,,-,34,-,66,9,4,28,141,107,112,-5,22-Nov-20,
23022,Castelnuovo Del Garda,1,,-,14,1,52,6,4,95,173,157,164,-7,22-Nov-20,
23023,Cavaion Veronese,-,,-,4,-,20,1,3,27,55,51,57,-6,22-Nov-20,
23024,Cazzano Di Tramigna,-,,-,4,-,11,-,-,5,20,16,17,-1,22-Nov-20,
23025,Cerea,-,,-,48,2,102,13,6,25,196,146,156,-10,22-Nov-20,
23026,Cerro Veronese,-,,-,8,1,12,-,-,5,26,17,18,-1,22-Nov-20,
23027,Cologna Veneta,-,,-,11,-,26,-,4,26,67,56,57,-1,22-Nov-20,
23028,Colognola Ai Colli,3,,2,10,2,38,4,-,15,74,57,60,-3,22-Nov-20,
23029,Concamarise,-,,-,-,-,2,-,-,6,8,8,9,-1,22-Nov-20,
23030,Costermano,-,,-,3,-,9,-,1,14,27,24,24,0,22-Nov-20,
23031,Dolce',-,,-,6,-,11,2,-,21,40,34,33,1,22-Nov-20,
23032,Erbe',-,,-,-,-,7,-,4,8,19,19,19,0,22-Nov-20,
23033,Erbezzo,-,,-,1,-,4,1,1,4,11,10,9,1,22-Nov-20,
23034,Ferrara di Monte Baldo,-,,-,-,-,-,-,-,1,1,1,1,0,22-Nov-20,
23035,Fumane,-,,-,10,-,22,1,1,9,43,33,33,0,22-Nov-20,
23036,Garda,3,,-,8,-,6,1,-,11,29,18,19,-1,22-Nov-20,
23037,Gazzo Veronese,-,,-,15,1,35,1,4,15,71,55,56,-1,22-Nov-20,
23038,Grezzana,2,,-,14,-,54,-,1,25,96,80,81,-1,22-Nov-20,
23039,Illasi,-,,-,16,1,44,24,2,9,96,79,80,-1,22-Nov-20,
23040,Isola Della Scala,3,,-,17,-,46,23,19,96,204,184,186,-2,22-Nov-20,
23041,Isola Rizza,-,,-,4,1,14,37,2,16,74,69,70,-1,22-Nov-20,
23042,Lavagno,1,,-,10,3,34,-,3,24,75,61,62,-1,22-Nov-20,
23043,Lazise,-,,-,1,-,15,2,4,27,49,48,48,0,22-Nov-20,
23044,Legnago,1,,-,129,5,161,2,7,50,355,220,225,-5,22-Nov-20,
23045,Malcesine,-,,-,-,-,5,-,1,16,22,22,22,0,22-Nov-20,
23046,Marano Di Valpolicella,-,,-,11,-,15,-,-,14,40,29,32,-3,22-Nov-20,
23047,Mezzane Di Sotto,2,,-,6,-,13,-,1,2,24,16,19,-3,22-Nov-20,
23048,Minerbe,-,,-,12,-,48,38,-,22,120,108,106,2,22-Nov-20,
23049,Montecchia Di Crosara,-,,-,12,1,24,-,2,24,63,50,50,0,22-Nov-20,
23050,Monteforte D'Alpone,-,,-,14,-,50,20,1,51,136,122,117,5,22-Nov-20,
23051,Mozzecane,-,,-,17,-,52,1,3,66,139,122,124,-2,22-Nov-20,
23052,Negrar,1,,-,7,1,56,14,11,99,189,180,178,2,22-Nov-20,
23053,Nogara,2,,-,13,-,47,43,7,27,139,124,126,-2,22-Nov-20,
23054,Nogarole Rocca,2,,-,4,-,13,8,3,32,62,56,57,-1,22-Nov-20,
23055,Oppeano,-,,3,65,2,49,11,5,27,162,92,100,-8,22-Nov-20,
23056,Palu',-,,-,2,-,4,-,1,2,9,7,7,0,22-Nov-20,
23057,Pastrengo,-,,-,5,-,14,15,4,6,44,39,44,-5,22-Nov-20,
23058,Pescantina,-,,-,24,1,64,6,4,81,180,155,156,-1,22-Nov-20,
23059,Peschiera Del Garda,1,,-,1,-,18,1,5,76,102,100,103,-3,22-Nov-20,
23060,Povegliano Veronese,-,,-,12,1,33,-,10,53,109,96,96,0,22-Nov-20,
23061,Pressana,-,,-,2,-,13,-,-,1,16,14,14,0,22-Nov-20,
23062,Rivoli Veronese,-,,-,2,2,6,-,2,20,32,28,26,2,22-Nov-20,
23063,Ronca',1,,-,13,-,24,-,2,19,59,45,50,-5,22-Nov-20,
23064,Ronco All'Adige,-,,-,14,4,21,1,6,15,61,43,43,0,22-Nov-20,
23065,Roverchiara,3,,-,6,2,11,1,2,9,34,23,24,-1,22-Nov-20,
23066,Roveredo Di Gua',-,,-,1,-,2,-,2,3,8,7,7,0,22-Nov-20,
23067,Rovere' Veronese,-,,-,4,-,4,-,-,3,11,7,7,0,22-Nov-20,
23068,Salizzole,-,,-,26,3,46,2,1,6,84,55,56,-1,22-Nov-20,
23069,San Bonifacio,5,,1,44,1,142,12,3,62,270,219,218,1,22-Nov-20,
23070,San Giovanni Ilarione,1,,-,11,-,40,-,1,27,80,68,66,2,22-Nov-20,
23071,San Giovanni Lupatoto,-,,-,69,-,128,9,5,67,278,209,217,-8,22-Nov-20,
23072,Sanguinetto,-,,-,20,-,22,15,1,12,70,50,54,-4,22-Nov-20,
23073,San Martino Buon Albergo,4,,-,40,1,70,31,3,40,189,144,149,-5,22-Nov-20,
23074,San Mauro Di Saline,-,,-,-,-,-,-,-,1,1,1,-,1,22-Nov-20,
23075,San Pietro Di Morubio,-,,1,26,1,25,1,4,11,69,41,39,2,22-Nov-20,
23076,San Pietro In Cariano,1,,-,22,-,49,4,9,55,140,117,120,-3,22-Nov-20,
23077,Sant'Ambrogio Di Valpolicella,-,,-,21,-,33,7,5,46,112,91,92,-1,22-Nov-20,
23078,Sant'Anna D'Alfaedo,-,,-,1,-,7,-,3,4,15,14,19,-5,22-Nov-20,
23079,San Zeno Di Montagna,-,,-,-,-,2,-,1,-,3,3,3,0,22-Nov-20,
23080,Selva Di Progno,-,,-,7,-,6,-,-,-,13,6,6,0,22-Nov-20,
23081,Soave,-,,-,34,-,76,7,1,38,156,122,123,-1,22-Nov-20,
23082,Sommacampagna,-,,-,21,-,66,3,13,130,233,212,213,-1,22-Nov-20,
23083,Sona,-,,-,19,-,81,3,7,110,220,201,204,-3,22-Nov-20,
23084,Sorga',-,,-,4,-,16,-,2,3,25,21,23,-2,22-Nov-20,
23085,Terrazzo,-,,-,11,-,11,-,-,3,25,14,14,0,22-Nov-20,
23086,Torri Del Benaco,1,,-,-,-,-,-,-,7,8,7,7,0,22-Nov-20,
23087,Tregnago,-,,-,10,-,23,4,1,20,58,48,48,0,22-Nov-20,
23088,Trevenzuolo,-,,-,3,-,24,2,-,37,66,63,64,-1,22-Nov-20,
23089,Valeggio Sul Mincio,-,,-,12,-,68,-,13,83,176,164,171,-7,22-Nov-20,
23090,Velo Veronese,-,,-,-,-,2,-,-,3,5,5,6,-1,22-Nov-20,
23091,Verona,18,,1,630,12,116,53,116,749,2739,2078,2086,-8,22-Nov-20,
23092,Veronella,-,,-,42,-,32,-,-,15,89,47,45,2,22-Nov-20,
23093,Vestenanova,-,,-,1,-,7,-,-,9,17,16,17,-1,22-Nov-20,
23094,Vigasio,4,,-,12,-,44,4,4,61,129,113,114,-1,22-Nov-20,
23095,Villa Bartolomea,-,,-,27,-,29,-,1,11,68,41,41,0,22-Nov-20,
23096,Villafranca Di Verona,1,,-,30,-,145,4,28,189,397,366,376,-10,22-Nov-20,
23097,Zevio,-,,-,32,3,70,1,3,35,144,109,114,-5,22-Nov-20,
23098,Zimella,1,,-,9,-,20,-,2,38,70,60,60,0,22-Nov-20,
23001,Affi,-,,-,3,-,6,1,2,5,17,14,21,-7,26-Nov-20,
23002,Albaredo D'Adige,-,,-,27,1,29,2,-,10,69,41,42,-1,26-Nov-20,
23003,Angiari,-,,-,6,-,14,-,2,4,26,20,20,0,26-Nov-20,
23004,Arcole,-,,-,16,-,50,-,2,12,80,64,67,-3,26-Nov-20,
23005,Badia Calavena,-,,-,6,-,8,-,-,1,15,9,16,-7,26-Nov-20,
23006,Bardolino,2,,-,19,3,33,3,3,28,91,67,69,-2,26-Nov-20,
23007,Belfiore,-,,-,11,-,21,-,-,6,38,27,27,0,26-Nov-20,
23008,Bevilacqua,-,,-,7,1,20,-,1,4,33,25,24,1,26-Nov-20,
23009,Bonavigo,-,,-,3,-,11,-,2,5,21,18,18,0,26-Nov-20,
23010,Boschi Sant'Anna,-,,-,7,-,16,-,-,2,25,18,17,1,26-Nov-20,
23011,Bosco Chiesanuova,-,,-,11,-,11,1,1,2,26,15,15,0,26-Nov-20,
23012,Bovolone,2,,-,59,1,135,3,10,55,265,203,213,-10,26-Nov-20,
23013,Brentino Belluno,-,,-,1,-,1,1,1,1,5,4,4,0,26-Nov-20,
23014,Brenzone,-,,-,2,-,17,-,-,13,32,30,29,1,26-Nov-20,
23015,Bussolengo,-,,-,24,2,88,21,12,109,256,230,239,-9,26-Nov-20,
23016,Buttapietra,-,,-,48,1,51,2,4,12,118,69,73,-4,26-Nov-20,
23017,Caldiero,-,,-,14,-,34,2,1,21,72,58,60,-2,26-Nov-20,
23018,Caprino Veronese,-,,-,6,-,34,1,4,36,81,75,83,-8,26-Nov-20,
23019,Casaleone,-,,-,13,-,35,-,3,15,66,53,53,0,26-Nov-20,
23020,Castagnaro,-,,1,4,-,29,-,3,7,44,39,37,2,26-Nov-20,
23021,Castel D'Azzano,-,,-,68,1,79,11,6,19,184,115,118,-3,26-Nov-20,
23022,Castelnuovo Del Garda,-,,-,48,1,69,9,7,77,211,162,172,-10,26-Nov-20,
23023,Cavaion Veronese,-,,-,12,-,25,2,3,24,66,54,57,-3,26-Nov-20,
23024,Cazzano Di Tramigna,-,,-,5,-,14,-,-,7,26,21,19,2,26-Nov-20,
23025,Cerea,-,,-,77,2,110,17,5,34,245,166,171,-5,26-Nov-20,
23026,Cerro Veronese,-,,-,4,1,9,-,-,8,22,17,14,3,26-Nov-20,
23027,Cologna Veneta,-,,-,26,-,33,1,3,30,93,67,66,1,26-Nov-20,
23028,Colognola Ai Colli,2,,3,26,-,42,6,3,30,112,81,76,5,26-Nov-20,
23029,Concamarise,-,,-,16,-,11,-,-,3,30,14,18,-4,26-Nov-20,
23030,Costermano,-,,-,8,-,15,-,1,14,38,30,32,-2,26-Nov-20,
23031,Dolce',-,,-,6,-,15,2,-,16,39,33,37,-4,26-Nov-20,
23032,Erbe',-,,-,5,-,12,-,4,9,30,25,26,-1,26-Nov-20,
23033,Erbezzo,-,,-,2,-,5,1,1,4,13,11,12,-1,26-Nov-20,
23034,Ferrara di Monte Baldo,-,,-,3,-,1,-,-,1,5,2,2,0,26-Nov-20,
23035,Fumane,-,,-,24,-,22,1,1,5,53,29,31,-2,26-Nov-20,
23036,Garda,3,,-,12,-,7,1,1,10,34,19,21,-2,26-Nov-20,
23037,Gazzo Veronese,-,,-,16,1,27,1,3,13,61,44,44,0,26-Nov-20,
23038,Grezzana,2,,-,47,1,73,-,1,20,144,94,97,-3,26-Nov-20,
23039,Illasi,-,,-,13,1,35,13,4,12,78,64,72,-8,26-Nov-20,
23040,Isola Della Scala,1,,-,38,1,46,30,21,92,229,189,197,-8,26-Nov-20,
23041,Isola Rizza,-,,-,13,1,14,19,1,23,71,57,61,-4,26-Nov-20,
23042,Lavagno,1,,-,21,3,43,-,1,23,92,67,66,1,26-Nov-20,
23043,Lazise,-,,-,5,-,14,2,5,26,52,47,48,-1,26-Nov-20,
23044,Legnago,1,,6,130,4,140,3,10,47,341,200,220,-20,26-Nov-20,
23045,Malcesine,-,,-,2,1,11,-,1,16,31,28,26,2,26-Nov-20,
23046,Marano Di Valpolicella,-,,-,12,-,18,-,1,15,46,34,35,-1,26-Nov-20,
23047,Mezzane Di Sotto,2,,-,9,1,16,1,2,2,33,21,22,-1,26-Nov-20,
23048,Minerbe,-,,-,9,-,36,38,1,15,99,90,97,-7,26-Nov-20,
23049,Montecchia Di Crosara,-,,-,32,1,37,-,2,24,96,63,66,-3,26-Nov-20,
23050,Monteforte D'Alpone,-,,-,31,-,60,16,1,45,153,122,109,13,26-Nov-20,
23051,Mozzecane,-,,-,25,-,53,3,4,74,159,134,128,6,26-Nov-20,
23052,Negrar,1,,-,38,-,62,14,9,94,218,179,181,-2,26-Nov-20,
23053,Nogara,2,,-,25,-,47,41,8,20,143,116,123,-7,26-Nov-20,
23054,Nogarole Rocca,2,,-,17,-,14,10,3,36,82,63,60,3,26-Nov-20,
23055,Oppeano,-,,1,73,1,70,6,6,35,192,117,123,-6,26-Nov-20,
23056,Palu',-,,-,2,-,3,-,2,1,8,6,7,-1,26-Nov-20,
23057,Pastrengo,-,,-,4,-,10,9,3,13,39,35,39,-4,26-Nov-20,
23058,Pescantina,-,,-,51,1,68,3,8,77,208,156,165,-9,26-Nov-20,
23059,Peschiera Del Garda,1,,-,10,-,30,1,3,78,123,112,113,-1,26-Nov-20,
23060,Povegliano Veronese,-,,-,28,1,33,3,9,47,121,92,100,-8,26-Nov-20,
23061,Pressana,-,,-,8,-,11,-,-,5,24,16,20,-4,26-Nov-20,
23062,Rivoli Veronese,-,,-,4,2,4,-,1,21,32,26,29,-3,26-Nov-20,
23063,Ronca',1,,-,29,-,35,-,1,22,88,58,55,3,26-Nov-20,
23064,Ronco All'Adige,-,,-,39,-,25,1,5,15,85,46,47,-1,26-Nov-20,
23065,Roverchiara,3,,-,11,2,13,-,1,6,36,20,24,-4,26-Nov-20,
23066,Roveredo Di Gua',-,,-,3,-,2,-,2,6,13,10,8,2,26-Nov-20,
23067,Rovere' Veronese,-,,-,3,-,4,-,-,2,9,6,6,0,26-Nov-20,
23068,Salizzole,-,,-,13,-,44,2,-,19,78,65,74,-9,26-Nov-20,
23069,San Bonifacio,3,,-,68,3,129,6,3,74,286,212,226,-14,26-Nov-20,
23070,San Giovanni Ilarione,1,,-,17,-,35,-,1,26,80,62,59,3,26-Nov-20,
23071,San Giovanni Lupatoto,-,,-,102,2,159,11,11,46,331,227,238,-11,26-Nov-20,
23072,Sanguinetto,-,,-,23,-,24,13,2,14,76,53,56,-3,26-Nov-20,
23073,San Martino Buon Albergo,-,,-,52,1,78,28,7,38,204,151,162,-11,26-Nov-20,
23074,San Mauro Di Saline,-,,-,1,-,1,-,1,1,4,3,3,0,26-Nov-20,
23075,San Pietro Di Morubio,-,,-,11,-,23,1,2,7,44,33,35,-2,26-Nov-20,
23076,San Pietro In Cariano,1,,-,29,-,49,2,7,50,138,108,110,-2,26-Nov-20,
23077,Sant'Ambrogio Di Valpolicella,-,,-,26,-,26,6,6,45,109,83,91,-8,26-Nov-20,
23078,Sant'Anna D'Alfaedo,-,,-,1,-,3,-,2,7,13,12,10,2,26-Nov-20,
23079,San Zeno Di Montagna,-,,-,1,-,5,1,3,4,14,13,12,1,26-Nov-20,
23080,Selva Di Progno,-,,-,1,-,4,-,-,-,5,4,6,-2,26-Nov-20,
23081,Soave,-,,-,24,-,71,10,1,38,144,120,119,1,26-Nov-20,
23082,Sommacampagna,1,,-,35,-,50,5,9,120,220,184,195,-11,26-Nov-20,
23083,Sona,-,,-,42,-,73,2,6,112,235,193,197,-4,26-Nov-20,
23084,Sorga',-,,-,8,-,23,-,1,6,38,30,30,0,26-Nov-20,
23085,Terrazzo,-,,-,4,-,6,-,3,2,15,11,12,-1,26-Nov-20,
23086,Torri Del Benaco,-,,-,4,-,7,-,1,6,18,14,16,-2,26-Nov-20,
23087,Tregnago,-,,-,14,-,27,4,1,9,55,41,43,-2,26-Nov-20,
23088,Trevenzuolo,-,,-,12,-,34,2,1,27,76,64,71,-7,26-Nov-20,
23089,Valeggio Sul Mincio,-,,-,45,-,53,3,11,78,190,145,147,-2,26-Nov-20,
23090,Velo Veronese,-,,-,2,-,4,-,-,1,7,5,7,-2,26-Nov-20,
23091,Verona,10,,2,761,7,1306,68,113,768,3035,2255,2262,-7,26-Nov-20,
23092,Veronella,-,,-,9,1,34,-,1,19,64,54,59,-5,26-Nov-20,
23093,Vestenanova,-,,-,7,-,10,-,-,5,22,15,16,-1,26-Nov-20,
23094,Vigasio,5,,-,37,-,51,3,3,60,159,117,118,-1,26-Nov-20,
23095,Villa Bartolomea,-,,-,30,1,42,-,3,14,90,59,53,6,26-Nov-20,
23096,Villafranca Di Verona,-,,-,57,-,194,16,22,188,477,420,404,16,26-Nov-20,
23097,Zevio,-,,-,59,1,110,-,3,38,211,151,152,-1,26-Nov-20,
23098,Zimella,-,,-,18,-,34,-,1,27,80,62,66,-4,26-Nov-20,
23001,Affi,-,,-,3,-,6,1,2,6,18,15,14,1,27-Nov-20,
23002,Albaredo D'Adige,-,,-,26,1,26,2,-,12,67,40,41,-1,27-Nov-20,
23003,Angiari,-,,-,6,-,8,-,2,4,20,14,20,-6,27-Nov-20,
23004,Arcole,-,,-,17,-,38,-,2,13,70,53,64,-11,27-Nov-20,
23005,Badia Calavena,-,,-,5,-,5,-,-,2,12,7,9,-2,27-Nov-20,
23006,Bardolino,-,,-,17,3,30,3,3,26,82,62,67,-5,27-Nov-20,
23007,Belfiore,-,,-,7,-,21,-,-,7,35,28,27,1,27-Nov-20,
23008,Bevilacqua,-,,-,7,1,14,-,1,8,31,23,25,-2,27-Nov-20,
23009,Bonavigo,-,,-,3,-,8,-,3,10,24,21,18,3,27-Nov-20,
23010,Boschi Sant'Anna,-,,-,5,-,7,-,-,1,13,8,18,-10,27-Nov-20,
23011,Bosco Chiesanuova,-,,-,11,-,7,11,1,2,32,21,15,6,27-Nov-20,
23012,Bovolone,2,,-,57,2,129,1,12,56,259,198,203,-5,27-Nov-20,
23013,Brentino Belluno,-,,-,1,-,1,1,2,1,6,5,4,1,27-Nov-20,
23014,Brenzone,-,,-,2,-,15,-,-,14,31,29,30,-1,27-Nov-20,
23015,Bussolengo,-,,-,17,2,71,12,15,113,230,211,230,-19,27-Nov-20,
23016,Buttapietra,-,,-,41,1,46,2,4,17,111,69,69,0,27-Nov-20,
23017,Caldiero,-,,-,14,-,32,2,1,18,67,53,58,-5,27-Nov-20,
23018,Caprino Veronese,-,,-,4,-,28,1,4,36,73,69,75,-6,27-Nov-20,
23019,Casaleone,-,,-,10,-,31,-,6,14,61,51,53,-2,27-Nov-20,
23020,Castagnaro,-,,1,8,-,28,-,3,6,46,37,39,-2,27-Nov-20,
23021,Castel D'Azzano,-,,-,48,1,72,6,5,23,155,106,115,-9,27-Nov-20,
23022,Castelnuovo Del Garda,-,,-,44,1,61,6,7,79,198,153,162,-9,27-Nov-20,
23023,Cavaion Veronese,-,,-,11,-,20,2,3,25,61,50,54,-4,27-Nov-20,
23024,Cazzano Di Tramigna,-,,-,5,-,11,-,-,12,28,23,21,2,27-Nov-20,
23025,Cerea,-,,-,70,1,112,17,5,37,242,171,166,5,27-Nov-20,
23026,Cerro Veronese,-,,-,4,1,7,-,1,8,21,16,17,-1,27-Nov-20,
23027,Cologna Veneta,-,,-,30,-,27,1,3,32,93,63,67,-4,27-Nov-20,
23028,Colognola Ai Colli,1,,-,33,-,49,4,2,31,120,86,81,5,27-Nov-20,
23029,Concamarise,-,,-,13,-,11,-,-,3,27,14,14,0,27-Nov-20,
23030,Costermano,-,,-,8,-,14,-,2,14,38,30,30,0,27-Nov-20,
23031,Dolce',-,,-,3,-,13,1,-,16,33,30,33,-3,27-Nov-20,
23032,Erbe',-,,-,4,-,10,-,3,8,25,21,25,-4,27-Nov-20,
23033,Erbezzo,-,,-,2,-,8,1,-,4,15,13,11,2,27-Nov-20,
23034,Ferrara di Monte Baldo,-,,-,3,-,1,-,-,1,5,2,2,0,27-Nov-20,
23035,Fumane,-,,-,14,-,19,-,1,6,40,26,29,-3,27-Nov-20,
23036,Garda,3,,-,10,-,6,1,1,12,33,20,19,1,27-Nov-20,
23037,Gazzo Veronese,-,,-,18,1,22,-,3,12,56,37,44,-7,27-Nov-20,
23038,Grezzana,-,,-,63,1,72,1,1,20,158,94,94,0,27-Nov-20,
23039,Illasi,-,,-,9,1,35,12,5,12,74,64,64,0,27-Nov-20,
23040,Isola Della Scala,1,,-,32,1,35,13,21,101,204,170,189,-19,27-Nov-20,
23041,Isola Rizza,-,,-,7,-,13,5,1,29,55,48,57,-9,27-Nov-20,
23042,Lavagno,1,,-,16,3,37,-,1,25,83,63,67,-4,27-Nov-20,
23043,Lazise,-,,-,5,-,12,3,5,27,52,47,47,0,27-Nov-20,
23044,Legnago,1,,6,124,5,142,3,11,55,347,211,200,11,27-Nov-20,
23045,Malcesine,-,,-,2,1,11,-,1,18,33,30,28,2,27-Nov-20,
23046,Marano Di Valpolicella,-,,-,11,-,18,-,2,13,44,33,34,-1,27-Nov-20,
23047,Mezzane Di Sotto,2,,-,11,1,16,1,2,1,34,20,21,-1,27-Nov-20,
23048,Minerbe,-,,-,6,-,28,39,1,18,92,86,90,-4,27-Nov-20,
23049,Montecchia Di Crosara,-,,-,13,1,40,-,3,20,77,63,63,0,27-Nov-20,
23050,Monteforte D'Alpone,-,,-,26,-,61,15,1,48,151,125,122,3,27-Nov-20,
23051,Mozzecane,-,,-,23,-,47,3,4,77,154,131,134,-3,27-Nov-20,
23052,Negrar,1,,-,29,-,45,17,9,106,207,177,179,-2,27-Nov-20,
23053,Nogara,2,,-,18,-,41,41,9,26,137,117,116,1,27-Nov-20,
23054,Nogarole Rocca,2,,-,13,-,14,9,2,34,74,59,63,-4,27-Nov-20,
23055,Oppeano,-,,-,46,-,62,6,6,32,152,106,117,-11,27-Nov-20,
23056,Palu',-,,-,1,-,2,-,2,3,8,7,6,1,27-Nov-20,
23057,Pastrengo,-,,-,3,-,9,9,3,11,35,32,35,-3,27-Nov-20,
23058,Pescantina,-,,-,37,1,51,3,9,82,183,145,156,-11,27-Nov-20,
23059,Peschiera Del Garda,1,,-,7,-,23,1,3,82,117,109,112,-3,27-Nov-20,
23060,Povegliano Veronese,-,,-,23,1,27,3,9,49,112,88,92,-4,27-Nov-20,
23061,Pressana,-,,-,4,-,9,-,-,7,20,16,16,0,27-Nov-20,
23062,Rivoli Veronese,-,,-,2,2,5,-,1,22,32,28,26,2,27-Nov-20,
23063,Ronca',1,,-,29,-,38,-,2,17,87,57,58,-1,27-Nov-20,
23064,Ronco All'Adige,-,,-,37,-,20,1,6,17,81,44,46,-2,27-Nov-20,
23065,Roverchiara,-,,-,4,2,9,-,1,7,23,17,20,-3,27-Nov-20,
23066,Roveredo Di Gua',-,,-,3,-,1,-,2,6,12,9,10,-1,27-Nov-20,
23067,Rovere' Veronese,-,,-,1,-,3,-,-,4,8,7,6,1,27-Nov-20,
23068,Salizzole,-,,-,31,-,47,2,-,12,92,61,65,-4,27-Nov-20,
23069,San Bonifacio,2,,-,70,2,122,6,4,67,273,199,212,-13,27-Nov-20,
23070,San Giovanni Ilarione,1,,-,13,-,33,-,1,30,78,64,62,2,27-Nov-20,
23071,San Giovanni Lupatoto,-,,-,78,3,153,10,10,49,303,222,227,-5,27-Nov-20,
23072,Sanguinetto,-,,-,17,-,21,13,2,14,67,50,53,-3,27-Nov-20,
23073,San Martino Buon Albergo,-,,-,43,-,80,29,7,44,203,160,151,9,27-Nov-20,
23074,San Mauro Di Saline,-,,-,1,-,1,-,1,1,4,3,3,0,27-Nov-20,
23075,San Pietro Di Morubio,-,,-,10,-,20,-,2,7,39,29,33,-4,27-Nov-20,
23076,San Pietro In Cariano,1,,-,38,-,44,3,6,49,141,102,108,-6,27-Nov-20,
23077,Sant'Ambrogio Di Valpolicella,-,,-,14,-,24,6,4,44,92,78,83,-5,27-Nov-20,
23078,Sant'Anna D'Alfaedo,-,,-,-,-,3,-,2,7,12,12,12,0,27-Nov-20,
23079,San Zeno Di Montagna,-,,-,-,-,5,1,3,4,13,13,13,0,27-Nov-20,
23080,Selva Di Progno,-,,-,1,-,4,-,-,-,5,4,4,0,27-Nov-20,
23081,Soave,-,,-,25,-,67,7,1,42,142,117,120,-3,27-Nov-20,
23082,Sommacampagna,1,,-,24,-,42,5,8,123,203,178,184,-6,27-Nov-20,
23083,Sona,-,,-,35,-,59,2,3,116,215,180,193,-13,27-Nov-20,
23084,Sorga',-,,-,9,-,16,-,1,6,32,23,30,-7,27-Nov-20,
23085,Terrazzo,-,,-,2,-,4,-,3,1,10,8,11,-3,27-Nov-20,
23086,Torri Del Benaco,-,,-,3,-,4,-,1,6,14,11,14,-3,27-Nov-20,
23087,Tregnago,-,,-,12,-,25,18,2,9,66,54,41,13,27-Nov-20,
23088,Trevenzuolo,-,,-,8,-,21,-,2,24,55,47,64,-17,27-Nov-20,
23089,Valeggio Sul Mincio,-,,-,42,-,54,4,10,79,189,147,145,2,27-Nov-20,
23090,Velo Veronese,-,,-,2,-,4,-,-,1,7,5,5,0,27-Nov-20,
23091,Verona,7,,4,619,7,1194,73,105,828,2837,22,2255,-55,27-Nov-20,
23092,Veronella,-,,-,10,1,29,-,2,22,64,53,54,-1,27-Nov-20,
23093,Vestenanova,-,,-,8,-,10,-,-,5,23,15,15,0,27-Nov-20,
23094,Vigasio,4,,-,38,1,51,1,4,64,163,120,117,3,27-Nov-20,
23095,Villa Bartolomea,-,,-,25,-,46,-,2,13,86,61,59,2,27-Nov-20,
23096,Villafranca Di Verona,-,,-,57,-,169,15,21,198,460,403,420,-17,27-Nov-20,
23097,Zevio,-,,-,52,1,98,-,3,39,193,140,151,-11,27-Nov-20,
23098,Zimella,-,,-,17,-,31,-,1,27,76,59,62,-3,27-Nov-20,
23001,Affi,-,,-,3,-,4,1,2,5,15,12,15,-3,28-Nov-20,
23002,Albaredo D'Adige,-,,-,25,1,25,2,-,12,65,39,40,-1,28-Nov-20,
23003,Angiari,-,,-,5,-,7,-,2,4,18,13,14,-1,28-Nov-20,
23004,Arcole,-,,-,17,-,36,-,2,11,66,49,53,-4,28-Nov-20,
23005,Badia Calavena,-,,-,3,-,6,-,-,2,11,8,7,1,28-Nov-20,
23006,Bardolino,-,,-,15,3,34,3,3,19,77,59,62,-3,28-Nov-20,
23007,Belfiore,-,,-,2,-,12,-,-,7,21,19,28,-9,28-Nov-20,
23008,Bevilacqua,-,,-,5,1,16,-,1,4,27,21,23,-2,28-Nov-20,
23009,Bonavigo,-,,-,4,-,14,-,2,4,24,20,21,-1,28-Nov-20,
23010,Boschi Sant'Anna,-,,-,7,-,7,-,-,-,14,7,8,-1,28-Nov-20,
23011,Bosco Chiesanuova,-,,-,8,-,6,11,1,2,28,20,21,-1,28-Nov-20,
23012,Bovolone,-,,-,67,1,133,1,11,41,254,186,198,-12,28-Nov-20,
23013,Brentino Belluno,-,,-,-,-,-,1,2,1,4,4,5,-1,28-Nov-20,
23014,Brenzone,-,,-,2,-,11,-,-,12,25,23,29,-6,28-Nov-20,
23015,Bussolengo,-,,-,24,2,62,12,11,112,223,197,211,-14,28-Nov-20,
23016,Buttapietra,-,,-,31,1,47,2,4,13,98,66,69,-3,28-Nov-20,
23017,Caldiero,-,,-,13,-,34,2,1,16,66,53,53,0,28-Nov-20,
23018,Caprino Veronese,-,,-,6,-,30,1,1,27,65,59,69,-10,28-Nov-20,
23019,Casaleone,-,,-,10,-,29,-,4,12,55,45,51,-6,28-Nov-20,
23020,Castagnaro,-,,-,11,-,25,-,3,7,46,35,37,-2,28-Nov-20,
23021,Castel D'Azzano,-,,-,43,1,68,6,3,19,140,96,106,-10,28-Nov-20,
23022,Castelnuovo Del Garda,-,,-,42,1,63,6,7,62,181,138,153,-15,28-Nov-20,
23023,Cavaion Veronese,-,,-,10,-,23,2,2,23,60,50,50,0,28-Nov-20,
23024,Cazzano Di Tramigna,-,,-,4,-,17,-,-,5,26,22,23,-1,28-Nov-20,
23025,Cerea,-,,-,64,1,103,17,6,26,217,152,171,-19,28-Nov-20,
23026,Cerro Veronese,-,,-,4,-,7,-,1,5,17,13,16,-3,28-Nov-20,
23027,Cologna Veneta,-,,-,29,-,38,1,3,23,94,65,63,2,28-Nov-20,
23028,Colognola Ai Colli,1,,-,28,-,45,4,2,31,111,82,86,-4,28-Nov-20,
23029,Concamarise,-,,-,15,-,12,-,-,2,29,14,14,0,28-Nov-20,
23030,Costermano,-,,-,8,-,11,-,1,14,34,26,30,-4,28-Nov-20,
23031,Dolce',-,,-,3,-,13,1,-,15,32,29,30,-1,28-Nov-20,
23032,Erbe',-,,-,3,-,8,-,2,8,21,18,21,-3,28-Nov-20,
23033,Erbezzo,-,,-,2,-,2,1,-,4,9,7,13,-6,28-Nov-20,
23034,Ferrara di Monte Baldo,-,,-,3,-,1,-,-,1,5,2,2,0,28-Nov-20,
23035,Fumane,-,,-,12,-,16,-,1,5,34,22,26,-4,28-Nov-20,
23036,Garda,3,,-,6,-,4,1,1,11,26,17,20,-3,28-Nov-20,
23037,Gazzo Veronese,-,,-,17,1,21,-,4,11,54,36,37,-1,28-Nov-20,
23038,Grezzana,-,,-,54,1,64,2,1,21,143,88,94,-6,28-Nov-20,
23039,Illasi,-,,-,7,1,31,11,5,15,70,62,64,-2,28-Nov-20,
23040,Isola Della Scala,-,,-,30,1,50,12,20,87,200,169,170,-1,28-Nov-20,
23041,Isola Rizza,-,,-,11,-,23,3,1,16,54,43,48,-5,28-Nov-20,
23042,Lavagno,-,,-,15,3,33,-,1,26,78,60,63,-3,28-Nov-20,
23043,Lazise,-,,-,2,-,15,3,4,22,46,44,47,-3,28-Nov-20,
23044,Legnago,-,,6,130,3,133,3,10,43,328,189,211,-22,28-Nov-20,
23045,Malcesine,-,,-,2,1,13,-,-,13,29,26,30,-4,28-Nov-20,
23046,Marano Di Valpolicella,-,,-,10,-,20,-,2,10,42,32,33,-1,28-Nov-20,
23047,Mezzane Di Sotto,-,,-,10,1,16,1,2,1,31,20,20,0,28-Nov-20,
23048,Minerbe,-,,-,12,-,21,41,1,13,88,76,86,-10,28-Nov-20,
23049,Montecchia Di Crosara,-,,-,16,1,42,-,3,18,80,63,63,0,28-Nov-20,
23050,Monteforte D'Alpone,-,,-,24,-,45,15,1,47,132,108,125,-17,28-Nov-20,
23051,Mozzecane,-,,-,26,-,51,3,3,67,150,124,131,-7,28-Nov-20,
23052,Negrar,1,,-,30,-,46,13,7,87,184,153,177,-24,28-Nov-20,
23053,Nogara,-,,-,15,-,36,40,9,23,123,108,117,-9,28-Nov-20,
23054,Nogarole Rocca,2,,-,8,-,14,9,2,32,67,57,59,-2,28-Nov-20,
23055,Oppeano,-,,-,45,-,63,6,6,26,146,101,106,-5,28-Nov-20,
23056,Palu',-,,-,1,-,3,-,2,2,8,7,7,0,28-Nov-20,
23057,Pastrengo,-,,-,-,1,12,9,3,8,33,32,32,0,28-Nov-20,
23058,Pescantina,-,,-,33,1,57,3,9,75,178,144,145,-1,28-Nov-20,
23059,Peschiera Del Garda,1,,-,7,-,27,1,3,74,113,105,109,-4,28-Nov-20,
23060,Povegliano Veronese,-,,-,19,1,26,3,9,45,103,83,88,-5,28-Nov-20,
23061,Pressana,-,,-,4,-,8,-,-,7,19,15,16,-1,28-Nov-20,
23062,Rivoli Veronese,-,,-,2,-,6,-,1,20,29,27,28,-1,28-Nov-20,
23063,Ronca',1,,-,26,-,31,-,2,18,78,51,57,-6,28-Nov-20,
23064,Ronco All'Adige,-,,-,12,-,19,-,6,15,52,40,44,-4,28-Nov-20,
23065,Roverchiara,-,,-,6,-,8,-,2,7,23,17,17,0,28-Nov-20,
23066,Roveredo Di Gua',-,,-,3,-,1,-,1,7,12,9,9,0,28-Nov-20,
23067,Rovere' Veronese,-,,-,1,1,3,-,-,3,8,6,7,-1,28-Nov-20,
23068,Salizzole,-,,-,31,-,44,2,-,14,91,60,61,-1,28-Nov-20,
23069,San Bonifacio,2,,-,62,1,112,6,4,72,259,194,199,-5,28-Nov-20,
23070,San Giovanni Ilarione,1,,-,12,-,27,-,1,28,69,56,64,-8,28-Nov-20,
23071,San Giovanni Lupatoto,-,,-,70,1,135,10,9,50,275,204,222,-18,28-Nov-20,
23072,Sanguinetto,-,,-,17,-,23,12,-,13,65,48,50,-2,28-Nov-20,
23073,San Martino Buon Albergo,-,,-,39,1,68,36,7,45,196,156,160,-4,28-Nov-20,
23074,San Mauro Di Saline,-,,-,-,-,-,-,1,1,2,2,3,-1,28-Nov-20,
23075,San Pietro Di Morubio,-,,-,9,-,16,-,1,7,33,24,29,-5,28-Nov-20,
23076,San Pietro In Cariano,1,,-,37,-,35,2,6,49,130,92,102,-10,28-Nov-20,
23077,Sant'Ambrogio Di Valpolicella,-,,-,13,-,19,6,5,45,88,75,78,-3,28-Nov-20,
23078,Sant'Anna D'Alfaedo,-,,-,-,-,3,-,2,6,11,11,12,-1,28-Nov-20,
23079,San Zeno Di Montagna,-,,-,-,-,4,1,3,3,11,11,13,-2,28-Nov-20,
23080,Selva Di Progno,-,,-,-,-,4,-,-,-,4,4,4,0,28-Nov-20,
23081,Soave,-,,-,27,-,71,7,1,31,137,110,117,-7,28-Nov-20,
23082,Sommacampagna,1,,-,15,-,37,5,8,108,174,158,178,-20,28-Nov-20,
23083,Sona,-,,-,27,-,76,1,3,85,192,165,180,-15,28-Nov-20,
23084,Sorga',-,,-,10,-,18,-,1,3,32,22,23,-1,28-Nov-20,
23085,Terrazzo,-,,-,2,-,3,-,3,3,11,9,8,1,28-Nov-20,
23086,Torri Del Benaco,-,,-,3,-,5,-,1,5,14,11,11,0,28-Nov-20,
23087,Tregnago,-,,-,12,-,20,22,2,14,70,58,54,4,28-Nov-20,
23088,Trevenzuolo,-,,-,6,-,23,-,1,18,48,42,47,-5,28-Nov-20,
23089,Valeggio Sul Mincio,-,,-,40,-,52,4,9,67,172,132,147,-15,28-Nov-20,
23090,Velo Veronese,-,,-,-,-,3,-,-,1,4,4,5,-1,28-Nov-20,
23091,Verona,6,,4,522,5,1097,75,93,826,2628,2091,22,-109,28-Nov-20,
23092,Veronella,-,,-,11,1,33,-,2,16,63,51,53,-2,28-Nov-20,
23093,Vestenanova,-,,-,5,-,11,-,-,4,20,15,15,0,28-Nov-20,
23094,Vigasio,-,,-,32,-,42,1,3,65,143,111,120,-9,28-Nov-20,
23095,Villa Bartolomea,-,,-,25,-,45,-,2,10,82,57,61,-4,28-Nov-20,
23096,Villafranca Di Verona,-,,-,59,-,141,16,21,183,420,361,403,-42,28-Nov-20,
23097,Zevio,-,,-,42,1,85,-,4,36,168,125,140,-15,28-Nov-20,
23098,Zimella,-,,-,14,-,32,-,1,25,72,58,59,-1,28-Nov-20,